window,latitude,zonal_mean_absr
Daytime,83.15,0.076955
Daytime,82.75,0.02765
Daytime,82.65,0.010325
Daytime,82.55,0.079508
Daytime,82.45,0.085939
Daytime,82.25,0.026533
Daytime,82.15,0.060718
Daytime,82.05,0.067819
Daytime,81.95,0.037346
Daytime,81.85,0.036038
Daytime,81.75,0.047557
Daytime,81.65,0.031657
Daytime,81.55,0.00397
Daytime,81.25,0.02746
Daytime,81.15,0.026174
Daytime,81.05,0.077597
Daytime,80.95,0.042508
Daytime,80.85,0.051547
Daytime,80.75,0.048997
Daytime,80.65,0.056668
Daytime,80.55,0.066919
Daytime,80.45,0.130453
Daytime,80.35,0.140386
Daytime,80.25,0.107152
Daytime,80.15,0.085591
Daytime,80.05,0.09294
Daytime,79.95,0.134067
Daytime,79.85,0.121331
Daytime,79.75,0.091681
Daytime,79.65,0.125674
Daytime,79.55,0.115574
Daytime,79.45,0.128616
Daytime,79.35,0.088999
Daytime,79.25,0.080472
Daytime,79.15,0.085451
Daytime,79.05,0.070087
Daytime,78.95,0.084577
Daytime,78.85,0.079365
Daytime,78.75,0.101821
Daytime,78.65,0.110065
Daytime,78.55,0.108171
Daytime,78.45,0.081384
Daytime,78.35,0.10265
Daytime,78.25,0.127465
Daytime,78.15,0.175102
Daytime,78.05,0.144422
Daytime,77.95,0.119772
Daytime,77.85,0.102418
Daytime,77.75,0.092244
Daytime,77.65,0.097926
Daytime,77.55,0.077938
Daytime,77.45,0.085123
Daytime,77.35,0.066903
Daytime,77.25,0.087832
Daytime,77.15,0.04828
Daytime,77.05,0.102568
Daytime,76.95,0.124681
Daytime,76.85,0.093671
Daytime,76.75,0.087197
Daytime,76.65,0.1008
Daytime,76.55,0.130034
Daytime,76.45,0.114824
Daytime,76.35,0.123294
Daytime,76.25,0.139635
Daytime,76.15,0.14803
Daytime,76.05,0.150245
Daytime,75.95,0.156095
Daytime,75.85,0.166901
Daytime,75.75,0.145193
Daytime,75.65,0.163888
Daytime,75.55,0.170241
Daytime,75.45,0.172012
Daytime,75.35,0.168778
Daytime,75.25,0.168828
Daytime,75.15,0.174772
Daytime,75.05,0.208043
Daytime,74.95,0.217752
Daytime,74.85,0.200977
Daytime,74.75,0.207564
Daytime,74.65,0.202191
Daytime,74.55,0.2028
Daytime,74.45,0.21822
Daytime,74.35,0.206084
Daytime,74.25,0.204079
Daytime,74.15,0.185082
Daytime,74.05,0.19694
Daytime,73.95,0.206305
Daytime,73.85,0.202849
Daytime,73.75,0.184526
Daytime,73.65,0.186288
Daytime,73.55,0.187937
Daytime,73.45,0.178888
Daytime,73.35,0.186432
Daytime,73.25,0.179816
Daytime,73.15,0.166836
Daytime,73.05,0.177162
Daytime,72.95,0.177652
Daytime,72.85,0.174751
Daytime,72.75,0.169164
Daytime,72.65,0.173114
Daytime,72.55,0.170857
Daytime,72.45,0.172302
Daytime,72.35,0.165853
Daytime,72.25,0.161012
Daytime,72.15,0.167252
Daytime,72.05,0.160946
Daytime,71.95,0.165367
Daytime,71.85,0.165376
Daytime,71.75,0.159546
Daytime,71.65,0.165189
Daytime,71.55,0.16491
Daytime,71.45,0.163267
Daytime,71.35,0.162853
Daytime,71.25,0.163616
Daytime,71.15,0.160505
Daytime,71.05,0.162489
Daytime,70.95,0.161833
Daytime,70.85,0.164236
Daytime,70.75,0.175272
Daytime,70.65,0.176645
Daytime,70.55,0.176121
Daytime,70.45,0.182665
Daytime,70.35,0.183579
Daytime,70.25,0.187911
Daytime,70.15,0.188794
Daytime,70.05,0.189598
Daytime,69.95,0.191229
Daytime,69.85,0.188568
Daytime,69.75,0.184377
Daytime,69.65,0.185568
Daytime,69.55,0.184311
Daytime,69.45,0.185845
Daytime,69.35,0.188649
Daytime,69.25,0.186635
Daytime,69.15,0.186128
Daytime,69.05,0.187677
Daytime,68.95,0.187254
Daytime,68.85,0.186193
Daytime,68.75,0.188552
Daytime,68.65,0.180498
Daytime,68.55,0.188246
Daytime,68.45,0.190156
Daytime,68.35,0.185092
Daytime,68.25,0.181298
Daytime,68.15,0.183698
Daytime,68.05,0.189264
Daytime,67.95,0.189233
Daytime,67.85,0.188108
Daytime,67.75,0.190561
Daytime,67.65,0.193799
Daytime,67.55,0.192161
Daytime,67.45,0.196376
Daytime,67.35,0.19486
Daytime,67.25,0.192498
Daytime,67.15,0.196611
Daytime,67.05,0.195589
Daytime,66.95,0.192331
Daytime,66.85,0.192266
Daytime,66.75,0.192759
Daytime,66.65,0.187338
Daytime,66.55,0.188832
Daytime,66.45,0.190017
Daytime,66.35,0.191035
Daytime,66.25,0.192897
Daytime,66.15,0.190902
Daytime,66.05,0.197704
Daytime,65.95,0.196625
Daytime,65.85,0.195172
Daytime,65.75,0.199139
Daytime,65.65,0.198825
Daytime,65.55,0.199271
Daytime,65.45,0.206705
Daytime,65.35,0.20534
Daytime,65.25,0.200994
Daytime,65.15,0.204489
Daytime,65.05,0.20718
Daytime,64.95,0.207608
Daytime,64.85,0.204105
Daytime,64.75,0.195491
Daytime,64.65,0.194645
Daytime,64.55,0.200394
Daytime,64.45,0.198942
Daytime,64.35,0.200867
Daytime,64.25,0.199162
Daytime,64.15,0.19254
Daytime,64.05,0.195427
Daytime,63.95,0.192467
Daytime,63.85,0.188187
Daytime,63.75,0.184865
Daytime,63.65,0.184994
Daytime,63.55,0.187828
Daytime,63.45,0.183994
Daytime,63.35,0.184565
Daytime,63.25,0.185772
Daytime,63.15,0.187127
Daytime,63.05,0.185494
Daytime,62.95,0.190128
Daytime,62.85,0.186757
Daytime,62.75,0.182719
Daytime,62.65,0.182057
Daytime,62.55,0.181444
Daytime,62.45,0.182832
Daytime,62.35,0.184084
Daytime,62.25,0.18514
Daytime,62.15,0.181527
Daytime,62.05,0.18662
Daytime,61.95,0.188505
Daytime,61.85,0.184945
Daytime,61.75,0.184555
Daytime,61.65,0.181661
Daytime,61.55,0.186047
Daytime,61.45,0.186778
Daytime,61.35,0.182783
Daytime,61.25,0.185117
Daytime,61.15,0.18332
Daytime,61.05,0.174333
Daytime,60.95,0.172974
Daytime,60.85,0.170062
Daytime,60.75,0.165931
Daytime,60.65,0.161161
Daytime,60.55,0.162482
Daytime,60.45,0.161975
Daytime,60.35,0.165628
Daytime,60.25,0.158949
Daytime,60.15,0.158632
Daytime,60.05,0.154216
Daytime,59.95,0.149313
Daytime,59.85,0.150861
Daytime,59.75,0.146512
Daytime,59.65,0.147339
Daytime,59.55,0.143973
Daytime,59.45,0.135373
Daytime,59.35,0.136681
Daytime,59.25,0.13722
Daytime,59.15,0.13386
Daytime,59.05,0.134415
Daytime,58.95,0.13126
Daytime,58.85,0.125746
Daytime,58.75,0.122574
Daytime,58.65,0.12264
Daytime,58.55,0.121431
Daytime,58.45,0.127893
Daytime,58.35,0.129008
Daytime,58.25,0.125859
Daytime,58.15,0.126465
Daytime,58.05,0.125409
Daytime,57.95,0.126759
Daytime,57.85,0.126495
Daytime,57.75,0.122737
Daytime,57.65,0.127064
Daytime,57.55,0.127791
Daytime,57.45,0.125616
Daytime,57.35,0.124324
Daytime,57.25,0.127892
Daytime,57.15,0.128501
Daytime,57.05,0.130603
Daytime,56.95,0.128116
Daytime,56.85,0.12716
Daytime,56.75,0.126994
Daytime,56.65,0.12545
Daytime,56.55,0.12039
Daytime,56.45,0.12028
Daytime,56.35,0.122655
Daytime,56.25,0.12056
Daytime,56.15,0.118528
Daytime,56.05,0.117318
Daytime,55.95,0.11536
Daytime,55.85,0.120038
Daytime,55.75,0.118321
Daytime,55.65,0.12092
Daytime,55.55,0.127921
Daytime,55.45,0.122218
Daytime,55.35,0.125275
Daytime,55.25,0.127912
Daytime,55.15,0.123227
Daytime,55.05,0.125139
Daytime,54.95,0.120947
Daytime,54.85,0.123259
Daytime,54.75,0.122935
Daytime,54.65,0.124976
Daytime,54.55,0.120835
Daytime,54.45,0.122292
Daytime,54.35,0.1204
Daytime,54.25,0.116032
Daytime,54.15,0.119008
Daytime,54.05,0.11588
Daytime,53.95,0.118696
Daytime,53.85,0.117448
Daytime,53.75,0.11525
Daytime,53.65,0.112655
Daytime,53.55,0.109287
Daytime,53.45,0.10627
Daytime,53.35,0.103216
Daytime,53.25,0.097222
Daytime,53.15,0.101736
Daytime,53.05,0.10206
Daytime,52.95,0.104371
Daytime,52.85,0.110013
Daytime,52.75,0.107965
Daytime,52.65,0.110005
Daytime,52.55,0.116322
Daytime,52.45,0.113954
Daytime,52.35,0.114875
Daytime,52.25,0.115064
Daytime,52.15,0.114165
Daytime,52.05,0.113655
Daytime,51.95,0.117055
Daytime,51.85,0.119319
Daytime,51.75,0.12113
Daytime,51.65,0.120326
Daytime,51.55,0.120383
Daytime,51.45,0.12138
Daytime,51.35,0.123613
Daytime,51.25,0.125684
Daytime,51.15,0.127442
Daytime,51.05,0.131926
Daytime,50.95,0.1292
Daytime,50.85,0.127895
Daytime,50.75,0.125804
Daytime,50.65,0.128965
Daytime,50.55,0.132999
Daytime,50.45,0.134912
Daytime,50.35,0.137785
Daytime,50.25,0.137284
Daytime,50.15,0.140182
Daytime,50.05,0.138575
Daytime,49.95,0.140159
Daytime,49.85,0.136897
Daytime,49.75,0.136503
Daytime,49.65,0.13673
Daytime,49.55,0.136234
Daytime,49.45,0.138629
Daytime,49.35,0.140015
Daytime,49.25,0.139817
Daytime,49.15,0.139864
Daytime,49.05,0.140664
Daytime,48.95,0.140671
Daytime,48.85,0.139842
Daytime,48.75,0.136296
Daytime,48.65,0.139924
Daytime,48.55,0.140586
Daytime,48.45,0.141551
Daytime,48.35,0.139881
Daytime,48.25,0.14133
Daytime,48.15,0.142577
Daytime,48.05,0.147353
Daytime,47.95,0.149771
Daytime,47.85,0.149637
Daytime,47.75,0.150357
Daytime,47.65,0.150333
Daytime,47.55,0.149455
Daytime,47.45,0.156591
Daytime,47.35,0.159029
Daytime,47.25,0.159823
Daytime,47.15,0.164385
Daytime,47.05,0.162961
Daytime,46.95,0.163476
Daytime,46.85,0.161653
Daytime,46.75,0.153892
Daytime,46.65,0.157767
Daytime,46.55,0.157221
Daytime,46.45,0.158611
Daytime,46.35,0.162146
Daytime,46.25,0.160689
Daytime,46.15,0.160519
Daytime,46.05,0.156587
Daytime,45.95,0.150998
Daytime,45.85,0.147153
Daytime,45.75,0.148211
Daytime,45.65,0.150338
Daytime,45.55,0.147147
Daytime,45.45,0.145198
Daytime,45.35,0.145781
Daytime,45.25,0.142071
Daytime,45.15,0.138463
Daytime,45.05,0.134271
Daytime,44.95,0.124738
Daytime,44.85,0.122558
Daytime,44.75,0.126067
Daytime,44.65,0.127967
Daytime,44.55,0.128078
Daytime,44.45,0.125972
Daytime,44.35,0.129753
Daytime,44.25,0.129522
Daytime,44.15,0.123708
Daytime,44.05,0.125433
Daytime,43.95,0.129993
Daytime,43.85,0.130142
Daytime,43.75,0.131477
Daytime,43.65,0.126068
Daytime,43.55,0.129396
Daytime,43.45,0.128574
Daytime,43.35,0.12785
Daytime,43.25,0.136193
Daytime,43.15,0.135787
Daytime,43.05,0.142822
Daytime,42.95,0.145999
Daytime,42.85,0.149451
Daytime,42.75,0.149103
Daytime,42.65,0.146486
Daytime,42.55,0.133237
Daytime,42.45,0.132899
Daytime,42.35,0.12938
Daytime,42.25,0.124452
Daytime,42.15,0.125771
Daytime,42.05,0.127353
Daytime,41.95,0.125929
Daytime,41.85,0.125306
Daytime,41.75,0.121577
Daytime,41.65,0.120011
Daytime,41.55,0.121986
Daytime,41.45,0.121006
Daytime,41.35,0.120431
Daytime,41.25,0.11407
Daytime,41.15,0.11431
Daytime,41.05,0.117571
Daytime,40.95,0.125126
Daytime,40.85,0.126936
Daytime,40.75,0.127644
Daytime,40.65,0.127951
Daytime,40.55,0.126882
Daytime,40.45,0.12162
Daytime,40.35,0.121218
Daytime,40.25,0.119108
Daytime,40.15,0.127452
Daytime,40.05,0.126065
Daytime,39.95,0.124251
Daytime,39.85,0.124949
Daytime,39.75,0.125573
Daytime,39.65,0.125013
Daytime,39.55,0.124316
Daytime,39.45,0.124482
Daytime,39.35,0.126009
Daytime,39.25,0.132357
Daytime,39.15,0.133675
Daytime,39.05,0.139096
Daytime,38.95,0.1412
Daytime,38.85,0.137123
Daytime,38.75,0.138793
Daytime,38.65,0.13962
Daytime,38.55,0.136094
Daytime,38.45,0.136386
Daytime,38.35,0.133667
Daytime,38.25,0.132578
Daytime,38.15,0.138364
Daytime,38.05,0.140412
Daytime,37.95,0.138223
Daytime,37.85,0.137033
Daytime,37.75,0.140301
Daytime,37.65,0.141084
Daytime,37.55,0.137354
Daytime,37.45,0.139086
Daytime,37.35,0.147223
Daytime,37.25,0.14988
Daytime,37.15,0.152257
Daytime,37.05,0.15155
Daytime,36.95,0.15576
Daytime,36.85,0.154678
Daytime,36.75,0.156187
Daytime,36.65,0.160963
Daytime,36.55,0.166041
Daytime,36.45,0.163635
Daytime,36.35,0.166581
Daytime,36.25,0.165281
Daytime,36.15,0.168679
Daytime,36.05,0.170672
Daytime,35.95,0.170886
Daytime,35.85,0.166958
Daytime,35.75,0.163602
Daytime,35.65,0.168236
Daytime,35.55,0.166942
Daytime,35.45,0.163391
Daytime,35.35,0.166516
Daytime,35.25,0.169067
Daytime,35.15,0.170807
Daytime,35.05,0.176416
Daytime,34.95,0.176159
Daytime,34.85,0.178941
Daytime,34.75,0.177283
Daytime,34.65,0.174101
Daytime,34.55,0.176617
Daytime,34.45,0.185459
Daytime,34.35,0.179322
Daytime,34.25,0.178534
Daytime,34.15,0.1794
Daytime,34.05,0.183028
Daytime,33.95,0.189717
Daytime,33.85,0.188903
Daytime,33.75,0.187856
Daytime,33.65,0.19919
Daytime,33.55,0.204484
Daytime,33.45,0.207222
Daytime,33.35,0.208816
Daytime,33.25,0.211655
Daytime,33.15,0.217667
Daytime,33.05,0.218215
Daytime,32.95,0.222023
Daytime,32.85,0.221316
Daytime,32.75,0.22374
Daytime,32.65,0.232567
Daytime,32.55,0.241837
Daytime,32.45,0.244135
Daytime,32.35,0.248676
Daytime,32.25,0.24935
Daytime,32.15,0.250394
Daytime,32.05,0.243734
Daytime,31.95,0.238787
Daytime,31.85,0.236812
Daytime,31.75,0.240925
Daytime,31.65,0.244657
Daytime,31.55,0.236858
Daytime,31.45,0.236741
Daytime,31.35,0.239926
Daytime,31.25,0.242886
Daytime,31.15,0.243309
Daytime,31.05,0.237119
Daytime,30.95,0.232591
Daytime,30.85,0.231962
Daytime,30.75,0.22964
Daytime,30.65,0.236236
Daytime,30.55,0.235295
Daytime,30.45,0.237109
Daytime,30.35,0.241276
Daytime,30.25,0.251663
Daytime,30.15,0.26223
Daytime,30.05,0.261236
Daytime,29.95,0.259704
Daytime,29.85,0.256396
Daytime,29.75,0.26863
Daytime,29.65,0.269362
Daytime,29.55,0.266387
Daytime,29.45,0.266054
Daytime,29.35,0.269211
Daytime,29.25,0.266389
Daytime,29.15,0.271329
Daytime,29.05,0.273532
Daytime,28.95,0.273272
Daytime,28.85,0.279201
Daytime,28.75,0.279889
Daytime,28.65,0.288407
Daytime,28.55,0.283724
Daytime,28.45,0.286064
Daytime,28.35,0.287565
Daytime,28.25,0.281541
Daytime,28.15,0.275708
Daytime,28.05,0.282639
Daytime,27.95,0.282955
Daytime,27.85,0.290485
Daytime,27.75,0.288971
Daytime,27.65,0.294533
Daytime,27.55,0.292968
Daytime,27.45,0.288913
Daytime,27.35,0.276283
Daytime,27.25,0.279605
Daytime,27.15,0.269202
Daytime,27.05,0.265479
Daytime,26.95,0.267395
Daytime,26.85,0.263434
Daytime,26.75,0.260943
Daytime,26.65,0.261489
Daytime,26.55,0.254131
Daytime,26.45,0.253337
Daytime,26.35,0.244797
Daytime,26.25,0.246531
Daytime,26.15,0.250339
Daytime,26.05,0.25053
Daytime,25.95,0.242993
Daytime,25.85,0.231663
Daytime,25.75,0.226987
Daytime,25.65,0.219653
Daytime,25.55,0.221141
Daytime,25.45,0.221694
Daytime,25.35,0.217591
Daytime,25.25,0.222824
Daytime,25.15,0.212206
Daytime,25.05,0.209351
Daytime,24.95,0.211524
Daytime,24.85,0.217056
Daytime,24.75,0.215937
Daytime,24.65,0.214375
Daytime,24.55,0.211514
Daytime,24.45,0.211337
Daytime,24.35,0.210349
Daytime,24.25,0.203642
Daytime,24.15,0.200823
Daytime,24.05,0.197164
Daytime,23.95,0.197433
Daytime,23.85,0.197404
Daytime,23.75,0.196348
Daytime,23.65,0.191708
Daytime,23.55,0.189276
Daytime,23.45,0.195307
Daytime,23.35,0.197213
Daytime,23.25,0.199101
Daytime,23.15,0.204802
Daytime,23.05,0.206929
Daytime,22.95,0.213743
Daytime,22.85,0.218769
Daytime,22.75,0.2176
Daytime,22.65,0.220862
Daytime,22.55,0.220668
Daytime,22.45,0.224978
Daytime,22.35,0.228551
Daytime,22.25,0.233141
Daytime,22.15,0.238024
Daytime,22.05,0.241293
Daytime,21.95,0.246058
Daytime,21.85,0.25599
Daytime,21.75,0.256631
Daytime,21.65,0.253304
Daytime,21.55,0.262825
Daytime,21.45,0.263808
Daytime,21.35,0.26577
Daytime,21.25,0.258646
Daytime,21.15,0.257306
Daytime,21.05,0.25758
Daytime,20.95,0.256646
Daytime,20.85,0.253003
Daytime,20.75,0.251522
Daytime,20.65,0.250168
Daytime,20.55,0.25306
Daytime,20.45,0.25173
Daytime,20.35,0.250489
Daytime,20.25,0.248639
Daytime,20.15,0.251455
Daytime,20.05,0.251502
Daytime,19.95,0.243063
Daytime,19.85,0.232267
Daytime,19.75,0.230512
Daytime,19.65,0.234941
Daytime,19.55,0.238634
Daytime,19.45,0.240853
Daytime,19.35,0.235222
Daytime,19.25,0.224296
Daytime,19.15,0.223415
Daytime,19.05,0.230202
Daytime,18.95,0.235924
Daytime,18.85,0.234698
Daytime,18.75,0.244318
Daytime,18.65,0.254954
Daytime,18.55,0.254275
Daytime,18.45,0.261977
Daytime,18.35,0.265913
Daytime,18.25,0.250117
Daytime,18.15,0.253158
Daytime,18.05,0.248299
Daytime,17.95,0.246186
Daytime,17.85,0.237289
Daytime,17.75,0.223577
Daytime,17.65,0.225713
Daytime,17.55,0.219761
Daytime,17.45,0.220482
Daytime,17.35,0.216292
Daytime,17.25,0.220639
Daytime,17.15,0.211871
Daytime,17.05,0.207929
Daytime,16.95,0.19818
Daytime,16.85,0.193775
Daytime,16.75,0.189626
Daytime,16.65,0.183012
Daytime,16.55,0.172793
Daytime,16.45,0.172456
Daytime,16.35,0.170942
Daytime,16.25,0.170089
Daytime,16.15,0.165196
Daytime,16.05,0.170242
Daytime,15.95,0.17338
Daytime,15.85,0.172122
Daytime,15.75,0.169911
Daytime,15.65,0.164094
Daytime,15.55,0.157947
Daytime,15.45,0.161504
Daytime,15.35,0.165655
Daytime,15.25,0.161796
Daytime,15.15,0.164446
Daytime,15.05,0.160091
Daytime,14.95,0.161242
Daytime,14.85,0.163508
Daytime,14.75,0.164
Daytime,14.65,0.165544
Daytime,14.55,0.162697
Daytime,14.45,0.160007
Daytime,14.35,0.153054
Daytime,14.25,0.1564
Daytime,14.15,0.161857
Daytime,14.05,0.166601
Daytime,13.95,0.16574
Daytime,13.85,0.167285
Daytime,13.75,0.168028
Daytime,13.65,0.169845
Daytime,13.55,0.167855
Daytime,13.45,0.169978
Daytime,13.35,0.170504
Daytime,13.25,0.167729
Daytime,13.15,0.163335
Daytime,13.05,0.165875
Daytime,12.95,0.171145
Daytime,12.85,0.177042
Daytime,12.75,0.178607
Daytime,12.65,0.177141
Daytime,12.55,0.177899
Daytime,12.45,0.178623
Daytime,12.35,0.188228
Daytime,12.25,0.184418
Daytime,12.15,0.177914
Daytime,12.05,0.183175
Daytime,11.95,0.186666
Daytime,11.85,0.190193
Daytime,11.75,0.186716
Daytime,11.65,0.180598
Daytime,11.55,0.182504
Daytime,11.45,0.180213
Daytime,11.35,0.186216
Daytime,11.25,0.190402
Daytime,11.15,0.187168
Daytime,11.05,0.192589
Daytime,10.95,0.19449
Daytime,10.85,0.196124
Daytime,10.75,0.188575
Daytime,10.65,0.184228
Daytime,10.55,0.184251
Daytime,10.45,0.179146
Daytime,10.35,0.174651
Daytime,10.25,0.161529
Daytime,10.15,0.169443
Daytime,10.05,0.176536
Daytime,9.95,0.184051
Daytime,9.85,0.186442
Daytime,9.75,0.187411
Daytime,9.65,0.182655
Daytime,9.55,0.178775
Daytime,9.45,0.177714
Daytime,9.35,0.172148
Daytime,9.25,0.170788
Daytime,9.15,0.175709
Daytime,9.05,0.180194
Daytime,8.95,0.178199
Daytime,8.85,0.180503
Daytime,8.75,0.182538
Daytime,8.65,0.181663
Daytime,8.55,0.176943
Daytime,8.45,0.175819
Daytime,8.35,0.172126
Daytime,8.25,0.175137
Daytime,8.15,0.169992
Daytime,8.05,0.176574
Daytime,7.95,0.177017
Daytime,7.85,0.179972
Daytime,7.75,0.180662
Daytime,7.65,0.175638
Daytime,7.55,0.175642
Daytime,7.45,0.180599
Daytime,7.35,0.179296
Daytime,7.25,0.184308
Daytime,7.15,0.181546
Daytime,7.05,0.182128
Daytime,6.95,0.180753
Daytime,6.85,0.179949
Daytime,6.75,0.182787
Daytime,6.65,0.184491
Daytime,6.55,0.183774
Daytime,6.45,0.181482
Daytime,6.35,0.184947
Daytime,6.25,0.187505
Daytime,6.15,0.186944
Daytime,6.05,0.189354
Daytime,5.95,0.191346
Daytime,5.85,0.191661
Daytime,5.75,0.188158
Daytime,5.65,0.184374
Daytime,5.55,0.188093
Daytime,5.45,0.189485
Daytime,5.35,0.191376
Daytime,5.25,0.19389
Daytime,5.15,0.196428
Daytime,5.05,0.197792
Daytime,4.95,0.199355
Daytime,4.85,0.197422
Daytime,4.75,0.201708
Daytime,4.65,0.202219
Daytime,4.55,0.202853
Daytime,4.45,0.201674
Daytime,4.35,0.192283
Daytime,4.25,0.190674
Daytime,4.15,0.186065
Daytime,4.05,0.185276
Daytime,3.95,0.183424
Daytime,3.85,0.179945
Daytime,3.75,0.174903
Daytime,3.65,0.171585
Daytime,3.55,0.167485
Daytime,3.45,0.165631
Daytime,3.35,0.162073
Daytime,3.25,0.157481
Daytime,3.15,0.149363
Daytime,3.05,0.151372
Daytime,2.95,0.147746
Daytime,2.85,0.143797
Daytime,2.75,0.146421
Daytime,2.65,0.14245
Daytime,2.55,0.142713
Daytime,2.45,0.140076
Daytime,2.35,0.138034
Daytime,2.25,0.136161
Daytime,2.15,0.136199
Daytime,2.05,0.136751
Daytime,1.95,0.135848
Daytime,1.85,0.128062
Daytime,1.75,0.118317
Daytime,1.65,0.119419
Daytime,1.55,0.117371
Daytime,1.45,0.115087
Daytime,1.35,0.112055
Daytime,1.25,0.113874
Daytime,1.15,0.116013
Daytime,1.05,0.11252
Daytime,0.95,0.108661
Daytime,0.85,0.102182
Daytime,0.75,0.101328
Daytime,0.65,0.100283
Daytime,0.55,0.100151
Daytime,0.45,0.102114
Daytime,0.35,0.098564
Daytime,0.25,0.096364
Daytime,0.15,0.091421
Daytime,0.05,0.087458
Daytime,-0.05,0.088436
Daytime,-0.15,0.089558
Daytime,-0.25,0.094188
Daytime,-0.35,0.094735
Daytime,-0.45,0.090315
Daytime,-0.55,0.092518
Daytime,-0.65,0.093539
Daytime,-0.75,0.093934
Daytime,-0.85,0.093237
Daytime,-0.95,0.096713
Daytime,-1.05,0.101842
Daytime,-1.15,0.101828
Daytime,-1.25,0.103806
Daytime,-1.35,0.103797
Daytime,-1.45,0.103918
Daytime,-1.55,0.101249
Daytime,-1.65,0.103088
Daytime,-1.75,0.104658
Daytime,-1.85,0.103334
Daytime,-1.95,0.10642
Daytime,-2.05,0.103147
Daytime,-2.15,0.101514
Daytime,-2.25,0.099728
Daytime,-2.35,0.09682
Daytime,-2.45,0.095107
Daytime,-2.55,0.093171
Daytime,-2.65,0.095613
Daytime,-2.75,0.099922
Daytime,-2.85,0.098123
Daytime,-2.95,0.102325
Daytime,-3.05,0.109698
Daytime,-3.15,0.115593
Daytime,-3.25,0.119873
Daytime,-3.35,0.125692
Daytime,-3.45,0.128074
Daytime,-3.55,0.13138
Daytime,-3.65,0.134255
Daytime,-3.75,0.142008
Daytime,-3.85,0.148247
Daytime,-3.95,0.14189
Daytime,-4.05,0.137891
Daytime,-4.15,0.136645
Daytime,-4.25,0.133433
Daytime,-4.35,0.135025
Daytime,-4.45,0.136833
Daytime,-4.55,0.137198
Daytime,-4.65,0.134118
Daytime,-4.75,0.132581
Daytime,-4.85,0.133218
Daytime,-4.95,0.131829
Daytime,-5.05,0.132215
Daytime,-5.15,0.132188
Daytime,-5.25,0.140007
Daytime,-5.35,0.139144
Daytime,-5.45,0.139707
Daytime,-5.55,0.141375
Daytime,-5.65,0.141704
Daytime,-5.75,0.142913
Daytime,-5.85,0.143288
Daytime,-5.95,0.141802
Daytime,-6.05,0.137954
Daytime,-6.15,0.138451
Daytime,-6.25,0.139215
Daytime,-6.35,0.141182
Daytime,-6.45,0.145075
Daytime,-6.55,0.146644
Daytime,-6.65,0.149047
Daytime,-6.75,0.148792
Daytime,-6.85,0.153494
Daytime,-6.95,0.153288
Daytime,-7.05,0.161881
Daytime,-7.15,0.157725
Daytime,-7.25,0.157456
Daytime,-7.35,0.15666
Daytime,-7.45,0.153352
Daytime,-7.55,0.15547
Daytime,-7.65,0.149759
Daytime,-7.75,0.147745
Daytime,-7.85,0.149075
Daytime,-7.95,0.148231
Daytime,-8.05,0.146563
Daytime,-8.15,0.146025
Daytime,-8.25,0.141823
Daytime,-8.35,0.139781
Daytime,-8.45,0.142768
Daytime,-8.55,0.149805
Daytime,-8.65,0.158802
Daytime,-8.75,0.153204
Daytime,-8.85,0.149258
Daytime,-8.95,0.145542
Daytime,-9.05,0.149056
Daytime,-9.15,0.153254
Daytime,-9.25,0.152194
Daytime,-9.35,0.15036
Daytime,-9.45,0.152342
Daytime,-9.55,0.154743
Daytime,-9.65,0.153362
Daytime,-9.75,0.155371
Daytime,-9.85,0.157522
Daytime,-9.95,0.159323
Daytime,-10.05,0.158952
Daytime,-10.15,0.159833
Daytime,-10.25,0.161463
Daytime,-10.35,0.163756
Daytime,-10.45,0.164291
Daytime,-10.55,0.15927
Daytime,-10.65,0.158358
Daytime,-10.75,0.162352
Daytime,-10.85,0.162934
Daytime,-10.95,0.162827
Daytime,-11.05,0.166044
Daytime,-11.15,0.166736
Daytime,-11.25,0.165764
Daytime,-11.35,0.16493
Daytime,-11.45,0.163624
Daytime,-11.55,0.167181
Daytime,-11.65,0.170473
Daytime,-11.75,0.169779
Daytime,-11.85,0.164407
Daytime,-11.95,0.166139
Daytime,-12.05,0.167042
Daytime,-12.15,0.169038
Daytime,-12.25,0.168459
Daytime,-12.35,0.172244
Daytime,-12.45,0.172392
Daytime,-12.55,0.175741
Daytime,-12.65,0.178827
Daytime,-12.75,0.181709
Daytime,-12.85,0.18429
Daytime,-12.95,0.191368
Daytime,-13.05,0.190434
Daytime,-13.15,0.191743
Daytime,-13.25,0.194596
Daytime,-13.35,0.197537
Daytime,-13.45,0.200628
Daytime,-13.55,0.202247
Daytime,-13.65,0.202681
Daytime,-13.75,0.211797
Daytime,-13.85,0.217155
Daytime,-13.95,0.216956
Daytime,-14.05,0.221161
Daytime,-14.15,0.228131
Daytime,-14.25,0.231853
Daytime,-14.35,0.228302
Daytime,-14.45,0.231954
Daytime,-14.55,0.232634
Daytime,-14.65,0.241302
Daytime,-14.75,0.242607
Daytime,-14.85,0.238357
Daytime,-14.95,0.240785
Daytime,-15.05,0.243095
Daytime,-15.15,0.253479
Daytime,-15.25,0.258013
Daytime,-15.35,0.262001
Daytime,-15.45,0.2643
Daytime,-15.55,0.259217
Daytime,-15.65,0.267458
Daytime,-15.75,0.276176
Daytime,-15.85,0.287011
Daytime,-15.95,0.295329
Daytime,-16.05,0.295537
Daytime,-16.15,0.301099
Daytime,-16.25,0.300004
Daytime,-16.35,0.29875
Daytime,-16.45,0.299211
Daytime,-16.55,0.301031
Daytime,-16.65,0.302275
Daytime,-16.75,0.301151
Daytime,-16.85,0.305783
Daytime,-16.95,0.306357
Daytime,-17.05,0.308646
Daytime,-17.15,0.31005
Daytime,-17.25,0.310057
Daytime,-17.35,0.311914
Daytime,-17.45,0.313077
Daytime,-17.55,0.31153
Daytime,-17.65,0.311045
Daytime,-17.75,0.307402
Daytime,-17.85,0.308269
Daytime,-17.95,0.306863
Daytime,-18.05,0.307597
Daytime,-18.15,0.30623
Daytime,-18.25,0.31105
Daytime,-18.35,0.31363
Daytime,-18.45,0.314185
Daytime,-18.55,0.316258
Daytime,-18.65,0.320443
Daytime,-18.75,0.321352
Daytime,-18.85,0.321715
Daytime,-18.95,0.328548
Daytime,-19.05,0.332602
Daytime,-19.15,0.337694
Daytime,-19.25,0.33466
Daytime,-19.35,0.336095
Daytime,-19.45,0.342233
Daytime,-19.55,0.344361
Daytime,-19.65,0.348377
Daytime,-19.75,0.358848
Daytime,-19.85,0.363019
Daytime,-19.95,0.362369
Daytime,-20.05,0.363773
Daytime,-20.15,0.369207
Daytime,-20.25,0.369387
Daytime,-20.35,0.370869
Daytime,-20.45,0.370297
Daytime,-20.55,0.368361
Daytime,-20.65,0.37091
Daytime,-20.75,0.376443
Daytime,-20.85,0.37742
Daytime,-20.95,0.374717
Daytime,-21.05,0.374799
Daytime,-21.15,0.383711
Daytime,-21.25,0.393245
Daytime,-21.35,0.390602
Daytime,-21.45,0.392656
Daytime,-21.55,0.397973
Daytime,-21.65,0.397047
Daytime,-21.75,0.395617
Daytime,-21.85,0.395547
Daytime,-21.95,0.395052
Daytime,-22.05,0.394572
Daytime,-22.15,0.396064
Daytime,-22.25,0.395393
Daytime,-22.35,0.398264
Daytime,-22.45,0.400326
Daytime,-22.55,0.400868
Daytime,-22.65,0.397968
Daytime,-22.75,0.399997
Daytime,-22.85,0.408259
Daytime,-22.95,0.409277
Daytime,-23.05,0.40872
Daytime,-23.15,0.412823
Daytime,-23.25,0.412946
Daytime,-23.35,0.418969
Daytime,-23.45,0.416586
Daytime,-23.55,0.415121
Daytime,-23.65,0.412408
Daytime,-23.75,0.408316
Daytime,-23.85,0.406345
Daytime,-23.95,0.411033
Daytime,-24.05,0.413382
Daytime,-24.15,0.410344
Daytime,-24.25,0.403192
Daytime,-24.35,0.403544
Daytime,-24.45,0.407231
Daytime,-24.55,0.406047
Daytime,-24.65,0.400022
Daytime,-24.75,0.398861
Daytime,-24.85,0.394053
Daytime,-24.95,0.396054
Daytime,-25.05,0.400752
Daytime,-25.15,0.400801
Daytime,-25.25,0.397145
Daytime,-25.35,0.395074
Daytime,-25.45,0.39792
Daytime,-25.55,0.397509
Daytime,-25.65,0.400687
Daytime,-25.75,0.406088
Daytime,-25.85,0.409406
Daytime,-25.95,0.411874
Daytime,-26.05,0.408967
Daytime,-26.15,0.405331
Daytime,-26.25,0.395193
Daytime,-26.35,0.399525
Daytime,-26.45,0.403304
Daytime,-26.55,0.409254
Daytime,-26.65,0.4103
Daytime,-26.75,0.405578
Daytime,-26.85,0.404543
Daytime,-26.95,0.407277
Daytime,-27.05,0.406328
Daytime,-27.15,0.406638
Daytime,-27.25,0.412165
Daytime,-27.35,0.416297
Daytime,-27.45,0.421287
Daytime,-27.55,0.420713
Daytime,-27.65,0.421711
Daytime,-27.75,0.417502
Daytime,-27.85,0.414388
Daytime,-27.95,0.419639
Daytime,-28.05,0.421729
Daytime,-28.15,0.417401
Daytime,-28.25,0.412188
Daytime,-28.35,0.407856
Daytime,-28.45,0.41338
Daytime,-28.55,0.405889
Daytime,-28.65,0.397812
Daytime,-28.75,0.396463
Daytime,-28.85,0.394502
Daytime,-28.95,0.391546
Daytime,-29.05,0.391387
Daytime,-29.15,0.382258
Daytime,-29.25,0.377264
Daytime,-29.35,0.381608
Daytime,-29.45,0.380945
Daytime,-29.55,0.386188
Daytime,-29.65,0.384212
Daytime,-29.75,0.380032
Daytime,-29.85,0.384374
Daytime,-29.95,0.375509
Daytime,-30.05,0.376498
Daytime,-30.15,0.378938
Daytime,-30.25,0.373239
Daytime,-30.35,0.37591
Daytime,-30.45,0.383584
Daytime,-30.55,0.37758
Daytime,-30.65,0.367054
Daytime,-30.75,0.361938
Daytime,-30.85,0.364917
Daytime,-30.95,0.365547
Daytime,-31.05,0.368955
Daytime,-31.15,0.359951
Daytime,-31.25,0.350586
Daytime,-31.35,0.347144
Daytime,-31.45,0.342886
Daytime,-31.55,0.341823
Daytime,-31.65,0.340756
Daytime,-31.75,0.340916
Daytime,-31.85,0.343648
Daytime,-31.95,0.340612
Daytime,-32.05,0.342163
Daytime,-32.15,0.337745
Daytime,-32.25,0.330785
Daytime,-32.35,0.332466
Daytime,-32.45,0.337295
Daytime,-32.55,0.333886
Daytime,-32.65,0.326132
Daytime,-32.75,0.314974
Daytime,-32.85,0.321847
Daytime,-32.95,0.32193
Daytime,-33.05,0.310796
Daytime,-33.15,0.30445
Daytime,-33.25,0.300759
Daytime,-33.35,0.294791
Daytime,-33.45,0.299894
Daytime,-33.55,0.305326
Daytime,-33.65,0.300935
Daytime,-33.75,0.292316
Daytime,-33.85,0.286198
Daytime,-33.95,0.283789
Daytime,-34.05,0.293002
Daytime,-34.15,0.295573
Daytime,-34.25,0.288054
Daytime,-34.35,0.288067
Daytime,-34.45,0.294134
Daytime,-34.55,0.298933
Daytime,-34.65,0.297482
Daytime,-34.75,0.296012
Daytime,-34.85,0.296728
Daytime,-34.95,0.305216
Daytime,-35.05,0.315539
Daytime,-35.15,0.305081
Daytime,-35.25,0.291588
Daytime,-35.35,0.286876
Daytime,-35.45,0.277868
Daytime,-35.55,0.26732
Daytime,-35.65,0.259337
Daytime,-35.75,0.255245
Daytime,-35.85,0.254377
Daytime,-35.95,0.254805
Daytime,-36.05,0.26568
Daytime,-36.15,0.261682
Daytime,-36.25,0.260114
Daytime,-36.35,0.259991
Daytime,-36.45,0.261443
Daytime,-36.55,0.255865
Daytime,-36.65,0.245848
Daytime,-36.75,0.248359
Daytime,-36.85,0.250242
Daytime,-36.95,0.241399
Daytime,-37.05,0.23994
Daytime,-37.15,0.229382
Daytime,-37.25,0.222685
Daytime,-37.35,0.217787
Daytime,-37.45,0.21848
Daytime,-37.55,0.218673
Daytime,-37.65,0.215217
Daytime,-37.75,0.234847
Daytime,-37.85,0.240834
Daytime,-37.95,0.248916
Daytime,-38.05,0.241809
Daytime,-38.15,0.242852
Daytime,-38.25,0.256067
Daytime,-38.35,0.256568
Daytime,-38.45,0.252603
Daytime,-38.55,0.261155
Daytime,-38.65,0.274636
Daytime,-38.75,0.285203
Daytime,-38.85,0.295399
Daytime,-38.95,0.300271
Daytime,-39.05,0.328951
Daytime,-39.15,0.320827
Daytime,-39.25,0.330546
Daytime,-39.35,0.335615
Daytime,-39.45,0.318156
Daytime,-39.55,0.317839
Daytime,-39.65,0.301501
Daytime,-39.75,0.312781
Daytime,-39.85,0.322575
Daytime,-39.95,0.330192
Daytime,-40.05,0.327205
Daytime,-40.15,0.32421
Daytime,-40.25,0.309065
Daytime,-40.35,0.29629
Daytime,-40.45,0.298188
Daytime,-40.55,0.302656
Daytime,-40.65,0.304911
Daytime,-40.75,0.310223
Daytime,-40.85,0.313162
Daytime,-40.95,0.315015
Daytime,-41.05,0.320722
Daytime,-41.15,0.315244
Daytime,-41.25,0.331957
Daytime,-41.35,0.336715
Daytime,-41.45,0.314522
Daytime,-41.55,0.302501
Daytime,-41.65,0.278997
Daytime,-41.75,0.269409
Daytime,-41.85,0.293964
Daytime,-41.95,0.276387
Daytime,-42.05,0.257101
Daytime,-42.15,0.26162
Daytime,-42.25,0.285072
Daytime,-42.35,0.30241
Daytime,-42.45,0.289029
Daytime,-42.55,0.293271
Daytime,-42.65,0.266671
Daytime,-42.75,0.267753
Daytime,-42.85,0.265382
Daytime,-42.95,0.269375
Daytime,-43.05,0.275776
Daytime,-43.15,0.267496
Daytime,-43.25,0.264321
Daytime,-43.35,0.240715
Daytime,-43.45,0.231799
Daytime,-43.55,0.227668
Daytime,-43.65,0.224161
Daytime,-43.75,0.238297
Daytime,-43.85,0.240662
Daytime,-43.95,0.24419
Daytime,-44.05,0.238565
Daytime,-44.15,0.259225
Daytime,-44.25,0.227074
Daytime,-44.35,0.222895
Daytime,-44.45,0.228461
Daytime,-44.55,0.221656
Daytime,-44.65,0.218755
Daytime,-44.75,0.231917
Daytime,-44.85,0.239039
Daytime,-44.95,0.236092
Daytime,-45.05,0.228629
Daytime,-45.15,0.228164
Daytime,-45.25,0.227438
Daytime,-45.35,0.223053
Daytime,-45.45,0.245652
Daytime,-45.55,0.241453
Daytime,-45.65,0.21381
Daytime,-45.75,0.207338
Daytime,-45.85,0.213233
Daytime,-45.95,0.186776
Daytime,-46.05,0.177963
Daytime,-46.15,0.201388
Daytime,-46.25,0.184531
Daytime,-46.35,0.23438
Daytime,-46.45,0.230865
Daytime,-46.55,0.239677
Daytime,-46.65,0.231621
Daytime,-46.75,0.204259
Daytime,-46.85,0.171332
Daytime,-46.95,0.163091
Daytime,-47.05,0.16951
Daytime,-47.15,0.173345
Daytime,-47.25,0.181131
Daytime,-47.35,0.183897
Daytime,-47.45,0.172596
Daytime,-47.55,0.17205
Daytime,-47.65,0.159857
Daytime,-47.75,0.175816
Daytime,-47.85,0.180221
Daytime,-47.95,0.170208
Daytime,-48.05,0.177617
Daytime,-48.15,0.196765
Daytime,-48.25,0.171548
Daytime,-48.35,0.190148
Daytime,-48.45,0.184935
Daytime,-48.55,0.182006
Daytime,-48.65,0.166483
Daytime,-48.75,0.193468
Daytime,-48.85,0.219869
Daytime,-48.95,0.193844
Daytime,-49.05,0.192816
Daytime,-49.15,0.177715
Daytime,-49.25,0.158891
Daytime,-49.35,0.176687
Daytime,-49.45,0.209245
Daytime,-49.55,0.189221
Daytime,-49.65,0.155303
Daytime,-49.75,0.121386
Daytime,-49.85,0.098299
Daytime,-49.95,0.063086
Daytime,-50.05,0.076783
Daytime,-50.15,0.082354
Daytime,-50.25,0.095794
Daytime,-50.35,0.039932
Daytime,-50.45,0.06267
Daytime,-50.55,0.056348
Daytime,-50.65,0.050417
Daytime,-50.75,0.044907
Daytime,-50.85,0.036189
Daytime,-50.95,0.046678
Daytime,-51.05,0.050609
Daytime,-51.15,0.067947
Daytime,-51.25,0.067528
Daytime,-51.35,0.097348
Daytime,-51.45,0.107243
Daytime,-51.55,0.131461
Daytime,-51.65,0.142106
Daytime,-51.75,0.106538
Daytime,-51.85,0.09017
Daytime,-51.95,0.102703
Daytime,-52.05,0.10951
Daytime,-52.15,0.121499
Daytime,-52.25,0.130045
Daytime,-52.35,0.12549
Daytime,-52.45,0.096727
Daytime,-52.55,0.090774
Daytime,-52.65,0.105769
Daytime,-52.75,0.06012
Daytime,-52.85,0.096065
Daytime,-52.95,0.108452
Daytime,-53.05,0.105605
Daytime,-53.15,0.105114
Daytime,-53.25,0.130166
Daytime,-53.35,0.114265
Daytime,-53.45,0.099476
Daytime,-53.55,0.125689
Daytime,-53.65,0.148437
Daytime,-53.75,0.157437
Daytime,-53.85,0.128672
Daytime,-53.95,0.097511
Daytime,-54.05,0.088235
Daytime,-54.15,0.096244
Daytime,-54.25,0.112323
Daytime,-54.35,0.156972
Daytime,-54.45,0.17851
Daytime,-54.55,0.069539
Daytime,-54.65,0.12517
Daytime,-54.75,0.095375
Daytime,-54.85,0.183886
Daytime,-54.95,0.16645
Daytime,-55.05,0.124682
Daytime,-55.15,0.10654
Noon,83.15,0.077513
Noon,82.75,0.026085
Noon,82.65,0.010426
Noon,82.55,0.080138
Noon,82.45,0.085039
Noon,82.25,0.028124
Noon,82.15,0.060121
Noon,82.05,0.066907
Noon,81.95,0.036813
Noon,81.85,0.03504
Noon,81.75,0.051718
Noon,81.65,0.031542
Noon,81.55,0.006071
Noon,81.25,0.027612
Noon,81.15,0.023201
Noon,81.05,0.075966
Noon,80.95,0.044848
Noon,80.85,0.051837
Noon,80.75,0.047387
Noon,80.65,0.05354
Noon,80.55,0.064565
Noon,80.45,0.12094
Noon,80.35,0.133455
Noon,80.25,0.1006
Noon,80.15,0.076805
Noon,80.05,0.085556
Noon,79.95,0.125984
Noon,79.85,0.112826
Noon,79.75,0.083936
Noon,79.65,0.112916
Noon,79.55,0.104795
Noon,79.45,0.117635
Noon,79.35,0.081416
Noon,79.25,0.073655
Noon,79.15,0.076877
Noon,79.05,0.064273
Noon,78.95,0.076258
Noon,78.85,0.0763
Noon,78.75,0.092298
Noon,78.65,0.100681
Noon,78.55,0.099525
Noon,78.45,0.073742
Noon,78.35,0.095511
Noon,78.25,0.118288
Noon,78.15,0.165021
Noon,78.05,0.13411
Noon,77.95,0.112635
Noon,77.85,0.095731
Noon,77.75,0.080771
Noon,77.65,0.086663
Noon,77.55,0.066757
Noon,77.45,0.074553
Noon,77.35,0.058703
Noon,77.25,0.078102
Noon,77.15,0.048293
Noon,77.05,0.094856
Noon,76.95,0.117806
Noon,76.85,0.088678
Noon,76.75,0.081298
Noon,76.65,0.093825
Noon,76.55,0.119832
Noon,76.45,0.104341
Noon,76.35,0.110505
Noon,76.25,0.125331
Noon,76.15,0.135895
Noon,76.05,0.136831
Noon,75.95,0.142091
Noon,75.85,0.153394
Noon,75.75,0.132864
Noon,75.65,0.149492
Noon,75.55,0.154116
Noon,75.45,0.157312
Noon,75.35,0.154351
Noon,75.25,0.154262
Noon,75.15,0.159598
Noon,75.05,0.191267
Noon,74.95,0.202455
Noon,74.85,0.186331
Noon,74.75,0.192425
Noon,74.65,0.187503
Noon,74.55,0.188789
Noon,74.45,0.204448
Noon,74.35,0.191602
Noon,74.25,0.189512
Noon,74.15,0.170917
Noon,74.05,0.181619
Noon,73.95,0.190327
Noon,73.85,0.187113
Noon,73.75,0.169953
Noon,73.65,0.17205
Noon,73.55,0.174479
Noon,73.45,0.165409
Noon,73.35,0.172479
Noon,73.25,0.165681
Noon,73.15,0.153348
Noon,73.05,0.163696
Noon,72.95,0.164279
Noon,72.85,0.160939
Noon,72.75,0.154664
Noon,72.65,0.157697
Noon,72.55,0.154338
Noon,72.45,0.155783
Noon,72.35,0.149622
Noon,72.25,0.144689
Noon,72.15,0.149902
Noon,72.05,0.144117
Noon,71.95,0.147934
Noon,71.85,0.148709
Noon,71.75,0.1438
Noon,71.65,0.149312
Noon,71.55,0.149089
Noon,71.45,0.147902
Noon,71.35,0.147137
Noon,71.25,0.148356
Noon,71.15,0.145731
Noon,71.05,0.147477
Noon,70.95,0.147499
Noon,70.85,0.149839
Noon,70.75,0.161489
Noon,70.65,0.1628
Noon,70.55,0.162972
Noon,70.45,0.169844
Noon,70.35,0.17105
Noon,70.25,0.17542
Noon,70.15,0.175611
Noon,70.05,0.175746
Noon,69.95,0.176825
Noon,69.85,0.175059
Noon,69.75,0.171732
Noon,69.65,0.172978
Noon,69.55,0.17282
Noon,69.45,0.174189
Noon,69.35,0.176116
Noon,69.25,0.175414
Noon,69.15,0.174963
Noon,69.05,0.176457
Noon,68.95,0.175857
Noon,68.85,0.174571
Noon,68.75,0.177065
Noon,68.65,0.168869
Noon,68.55,0.17487
Noon,68.45,0.176394
Noon,68.35,0.171295
Noon,68.25,0.167353
Noon,68.15,0.170262
Noon,68.05,0.175164
Noon,67.95,0.175298
Noon,67.85,0.174067
Noon,67.75,0.175565
Noon,67.65,0.178039
Noon,67.55,0.176852
Noon,67.45,0.179851
Noon,67.35,0.178637
Noon,67.25,0.17621
Noon,67.15,0.180463
Noon,67.05,0.1795
Noon,66.95,0.17657
Noon,66.85,0.176259
Noon,66.75,0.176839
Noon,66.65,0.172086
Noon,66.55,0.173732
Noon,66.45,0.174671
Noon,66.35,0.176341
Noon,66.25,0.17818
Noon,66.15,0.176466
Noon,66.05,0.181963
Noon,65.95,0.180458
Noon,65.85,0.179725
Noon,65.75,0.184149
Noon,65.65,0.183857
Noon,65.55,0.183789
Noon,65.45,0.191092
Noon,65.35,0.189788
Noon,65.25,0.184802
Noon,65.15,0.186664
Noon,65.05,0.188898
Noon,64.95,0.189884
Noon,64.85,0.186807
Noon,64.75,0.179185
Noon,64.65,0.178717
Noon,64.55,0.183376
Noon,64.45,0.18318
Noon,64.35,0.185307
Noon,64.25,0.18459
Noon,64.15,0.177654
Noon,64.05,0.179183
Noon,63.95,0.176499
Noon,63.85,0.174256
Noon,63.75,0.171109
Noon,63.65,0.172321
Noon,63.55,0.175975
Noon,63.45,0.172293
Noon,63.35,0.172226
Noon,63.25,0.173031
Noon,63.15,0.174775
Noon,63.05,0.173111
Noon,62.95,0.176471
Noon,62.85,0.172815
Noon,62.75,0.168635
Noon,62.65,0.16712
Noon,62.55,0.16614
Noon,62.45,0.168106
Noon,62.35,0.167336
Noon,62.25,0.166588
Noon,62.15,0.164208
Noon,62.05,0.16796
Noon,61.95,0.170148
Noon,61.85,0.16615
Noon,61.75,0.166579
Noon,61.65,0.163663
Noon,61.55,0.167609
Noon,61.45,0.16876
Noon,61.35,0.16487
Noon,61.25,0.167116
Noon,61.15,0.165834
Noon,61.05,0.157885
Noon,60.95,0.157061
Noon,60.85,0.153875
Noon,60.75,0.15104
Noon,60.65,0.146089
Noon,60.55,0.1478
Noon,60.45,0.148047
Noon,60.35,0.151901
Noon,60.25,0.14645
Noon,60.15,0.145853
Noon,60.05,0.14102
Noon,59.95,0.136939
Noon,59.85,0.138273
Noon,59.75,0.132621
Noon,59.65,0.134714
Noon,59.55,0.132102
Noon,59.45,0.124316
Noon,59.35,0.126194
Noon,59.25,0.125073
Noon,59.15,0.122749
Noon,59.05,0.122659
Noon,58.95,0.118413
Noon,58.85,0.113506
Noon,58.75,0.111533
Noon,58.65,0.111443
Noon,58.55,0.11107
Noon,58.45,0.118275
Noon,58.35,0.119186
Noon,58.25,0.116124
Noon,58.15,0.118914
Noon,58.05,0.117009
Noon,57.95,0.117258
Noon,57.85,0.115672
Noon,57.75,0.114081
Noon,57.65,0.117349
Noon,57.55,0.116807
Noon,57.45,0.114487
Noon,57.35,0.11243
Noon,57.25,0.113955
Noon,57.15,0.115262
Noon,57.05,0.11446
Noon,56.95,0.113094
Noon,56.85,0.114685
Noon,56.75,0.114502
Noon,56.65,0.113465
Noon,56.55,0.112258
Noon,56.45,0.113101
Noon,56.35,0.116813
Noon,56.25,0.116154
Noon,56.15,0.114337
Noon,56.05,0.113335
Noon,55.95,0.11262
Noon,55.85,0.115953
Noon,55.75,0.118198
Noon,55.65,0.121
Noon,55.55,0.128309
Noon,55.45,0.122774
Noon,55.35,0.126343
Noon,55.25,0.130514
Noon,55.15,0.125569
Noon,55.05,0.128795
Noon,54.95,0.125239
Noon,54.85,0.129489
Noon,54.75,0.128354
Noon,54.65,0.132442
Noon,54.55,0.128094
Noon,54.45,0.128696
Noon,54.35,0.129743
Noon,54.25,0.124414
Noon,54.15,0.127574
Noon,54.05,0.125524
Noon,53.95,0.125616
Noon,53.85,0.125303
Noon,53.75,0.124438
Noon,53.65,0.122931
Noon,53.55,0.119306
Noon,53.45,0.116254
Noon,53.35,0.111585
Noon,53.25,0.105423
Noon,53.15,0.109061
Noon,53.05,0.109975
Noon,52.95,0.11474
Noon,52.85,0.119824
Noon,52.75,0.11792
Noon,52.65,0.121323
Noon,52.55,0.128632
Noon,52.45,0.127349
Noon,52.35,0.127237
Noon,52.25,0.126405
Noon,52.15,0.123732
Noon,52.05,0.125071
Noon,51.95,0.128283
Noon,51.85,0.130318
Noon,51.75,0.13233
Noon,51.65,0.132234
Noon,51.55,0.134563
Noon,51.45,0.136214
Noon,51.35,0.136322
Noon,51.25,0.136749
Noon,51.15,0.137886
Noon,51.05,0.141151
Noon,50.95,0.138783
Noon,50.85,0.136722
Noon,50.75,0.134775
Noon,50.65,0.137004
Noon,50.55,0.138728
Noon,50.45,0.138761
Noon,50.35,0.143182
Noon,50.25,0.142605
Noon,50.15,0.147984
Noon,50.05,0.148301
Noon,49.95,0.151254
Noon,49.85,0.148581
Noon,49.75,0.148385
Noon,49.65,0.148792
Noon,49.55,0.148139
Noon,49.45,0.15128
Noon,49.35,0.15125
Noon,49.25,0.150154
Noon,49.15,0.149411
Noon,49.05,0.150741
Noon,48.95,0.151463
Noon,48.85,0.150567
Noon,48.75,0.147917
Noon,48.65,0.153193
Noon,48.55,0.15238
Noon,48.45,0.154646
Noon,48.35,0.153192
Noon,48.25,0.153566
Noon,48.15,0.154682
Noon,48.05,0.159493
Noon,47.95,0.162704
Noon,47.85,0.161674
Noon,47.75,0.16168
Noon,47.65,0.161935
Noon,47.55,0.161092
Noon,47.45,0.167455
Noon,47.35,0.169852
Noon,47.25,0.168488
Noon,47.15,0.172845
Noon,47.05,0.172195
Noon,46.95,0.171307
Noon,46.85,0.171552
Noon,46.75,0.163177
Noon,46.65,0.16486
Noon,46.55,0.162624
Noon,46.45,0.163986
Noon,46.35,0.166475
Noon,46.25,0.165436
Noon,46.15,0.165381
Noon,46.05,0.160105
Noon,45.95,0.15493
Noon,45.85,0.148921
Noon,45.75,0.148069
Noon,45.65,0.150699
Noon,45.55,0.146997
Noon,45.45,0.144075
Noon,45.35,0.144944
Noon,45.25,0.139872
Noon,45.15,0.138799
Noon,45.05,0.136463
Noon,44.95,0.128378
Noon,44.85,0.125338
Noon,44.75,0.128679
Noon,44.65,0.129991
Noon,44.55,0.129959
Noon,44.45,0.128858
Noon,44.35,0.132199
Noon,44.25,0.132223
Noon,44.15,0.127715
Noon,44.05,0.128521
Noon,43.95,0.13217
Noon,43.85,0.134056
Noon,43.75,0.13562
Noon,43.65,0.130685
Noon,43.55,0.133282
Noon,43.45,0.132708
Noon,43.35,0.132438
Noon,43.25,0.141754
Noon,43.15,0.14163
Noon,43.05,0.146696
Noon,42.95,0.150005
Noon,42.85,0.153484
Noon,42.75,0.151143
Noon,42.65,0.147561
Noon,42.55,0.136292
Noon,42.45,0.136782
Noon,42.35,0.135597
Noon,42.25,0.131985
Noon,42.15,0.13068
Noon,42.05,0.132785
Noon,41.95,0.133424
Noon,41.85,0.131809
Noon,41.75,0.127217
Noon,41.65,0.125052
Noon,41.55,0.125117
Noon,41.45,0.124221
Noon,41.35,0.12445
Noon,41.25,0.117367
Noon,41.15,0.116275
Noon,41.05,0.118578
Noon,40.95,0.125498
Noon,40.85,0.128856
Noon,40.75,0.131824
Noon,40.65,0.131752
Noon,40.55,0.129094
Noon,40.45,0.124796
Noon,40.35,0.127808
Noon,40.25,0.12599
Noon,40.15,0.131221
Noon,40.05,0.128365
Noon,39.95,0.12769
Noon,39.85,0.129625
Noon,39.75,0.129639
Noon,39.65,0.127533
Noon,39.55,0.130326
Noon,39.45,0.132256
Noon,39.35,0.132623
Noon,39.25,0.13685
Noon,39.15,0.13787
Noon,39.05,0.145018
Noon,38.95,0.146606
Noon,38.85,0.142222
Noon,38.75,0.145185
Noon,38.65,0.144201
Noon,38.55,0.139687
Noon,38.45,0.140777
Noon,38.35,0.138737
Noon,38.25,0.138312
Noon,38.15,0.144879
Noon,38.05,0.14577
Noon,37.95,0.145555
Noon,37.85,0.144389
Noon,37.75,0.14871
Noon,37.65,0.148522
Noon,37.55,0.145695
Noon,37.45,0.148904
Noon,37.35,0.158631
Noon,37.25,0.162299
Noon,37.15,0.165594
Noon,37.05,0.167255
Noon,36.95,0.17213
Noon,36.85,0.172501
Noon,36.75,0.174878
Noon,36.65,0.178555
Noon,36.55,0.183827
Noon,36.45,0.180816
Noon,36.35,0.18175
Noon,36.25,0.181337
Noon,36.15,0.185945
Noon,36.05,0.186487
Noon,35.95,0.186771
Noon,35.85,0.181481
Noon,35.75,0.176749
Noon,35.65,0.18174
Noon,35.55,0.180436
Noon,35.45,0.17604
Noon,35.35,0.176237
Noon,35.25,0.176958
Noon,35.15,0.179093
Noon,35.05,0.183949
Noon,34.95,0.184245
Noon,34.85,0.187927
Noon,34.75,0.184952
Noon,34.65,0.180824
Noon,34.55,0.183316
Noon,34.45,0.192409
Noon,34.35,0.187545
Noon,34.25,0.186762
Noon,34.15,0.189596
Noon,34.05,0.191787
Noon,33.95,0.196731
Noon,33.85,0.194217
Noon,33.75,0.192781
Noon,33.65,0.207115
Noon,33.55,0.211958
Noon,33.45,0.213865
Noon,33.35,0.213743
Noon,33.25,0.216532
Noon,33.15,0.224942
Noon,33.05,0.225632
Noon,32.95,0.228784
Noon,32.85,0.229462
Noon,32.75,0.230864
Noon,32.65,0.240723
Noon,32.55,0.248365
Noon,32.45,0.250118
Noon,32.35,0.252461
Noon,32.25,0.254707
Noon,32.15,0.257176
Noon,32.05,0.251282
Noon,31.95,0.247936
Noon,31.85,0.246451
Noon,31.75,0.249482
Noon,31.65,0.25473
Noon,31.55,0.246485
Noon,31.45,0.247299
Noon,31.35,0.250693
Noon,31.25,0.25421
Noon,31.15,0.254495
Noon,31.05,0.247068
Noon,30.95,0.245005
Noon,30.85,0.245274
Noon,30.75,0.241913
Noon,30.65,0.248713
Noon,30.55,0.248203
Noon,30.45,0.250297
Noon,30.35,0.253381
Noon,30.25,0.263369
Noon,30.15,0.274936
Noon,30.05,0.273663
Noon,29.95,0.272608
Noon,29.85,0.269291
Noon,29.75,0.279913
Noon,29.65,0.282276
Noon,29.55,0.280687
Noon,29.45,0.280632
Noon,29.35,0.283418
Noon,29.25,0.280513
Noon,29.15,0.287385
Noon,29.05,0.289384
Noon,28.95,0.289089
Noon,28.85,0.296347
Noon,28.75,0.297416
Noon,28.65,0.306414
Noon,28.55,0.30138
Noon,28.45,0.304131
Noon,28.35,0.302524
Noon,28.25,0.298515
Noon,28.15,0.291972
Noon,28.05,0.29955
Noon,27.95,0.299903
Noon,27.85,0.305291
Noon,27.75,0.303422
Noon,27.65,0.307349
Noon,27.55,0.304234
Noon,27.45,0.30131
Noon,27.35,0.290368
Noon,27.25,0.292427
Noon,27.15,0.281619
Noon,27.05,0.277094
Noon,26.95,0.283441
Noon,26.85,0.278377
Noon,26.75,0.275681
Noon,26.65,0.275316
Noon,26.55,0.26791
Noon,26.45,0.267906
Noon,26.35,0.260264
Noon,26.25,0.261983
Noon,26.15,0.266435
Noon,26.05,0.266686
Noon,25.95,0.258091
Noon,25.85,0.247255
Noon,25.75,0.243798
Noon,25.65,0.23653
Noon,25.55,0.237504
Noon,25.45,0.237288
Noon,25.35,0.234015
Noon,25.25,0.239268
Noon,25.15,0.226273
Noon,25.05,0.223808
Noon,24.95,0.225465
Noon,24.85,0.229426
Noon,24.75,0.229196
Noon,24.65,0.227345
Noon,24.55,0.223832
Noon,24.45,0.222731
Noon,24.35,0.222976
Noon,24.25,0.214562
Noon,24.15,0.211202
Noon,24.05,0.207775
Noon,23.95,0.208535
Noon,23.85,0.209854
Noon,23.75,0.207157
Noon,23.65,0.20211
Noon,23.55,0.199376
Noon,23.45,0.205018
Noon,23.35,0.207257
Noon,23.25,0.209333
Noon,23.15,0.216655
Noon,23.05,0.2189
Noon,22.95,0.223047
Noon,22.85,0.230232
Noon,22.75,0.230486
Noon,22.65,0.231293
Noon,22.55,0.230011
Noon,22.45,0.233975
Noon,22.35,0.2369
Noon,22.25,0.241371
Noon,22.15,0.244682
Noon,22.05,0.249139
Noon,21.95,0.256423
Noon,21.85,0.267756
Noon,21.75,0.271863
Noon,21.65,0.269222
Noon,21.55,0.279877
Noon,21.45,0.281742
Noon,21.35,0.282413
Noon,21.25,0.275003
Noon,21.15,0.273156
Noon,21.05,0.274144
Noon,20.95,0.271643
Noon,20.85,0.266921
Noon,20.75,0.266015
Noon,20.65,0.263023
Noon,20.55,0.26786
Noon,20.45,0.266411
Noon,20.35,0.264048
Noon,20.25,0.262741
Noon,20.15,0.266004
Noon,20.05,0.265236
Noon,19.95,0.258019
Noon,19.85,0.250037
Noon,19.75,0.246175
Noon,19.65,0.248496
Noon,19.55,0.250665
Noon,19.45,0.251263
Noon,19.35,0.249439
Noon,19.25,0.238093
Noon,19.15,0.233901
Noon,19.05,0.239221
Noon,18.95,0.243085
Noon,18.85,0.243162
Noon,18.75,0.254164
Noon,18.65,0.264978
Noon,18.55,0.262012
Noon,18.45,0.268643
Noon,18.35,0.27334
Noon,18.25,0.256638
Noon,18.15,0.257933
Noon,18.05,0.251668
Noon,17.95,0.249081
Noon,17.85,0.241329
Noon,17.75,0.22796
Noon,17.65,0.228072
Noon,17.55,0.219893
Noon,17.45,0.222332
Noon,17.35,0.218863
Noon,17.25,0.222637
Noon,17.15,0.213374
Noon,17.05,0.209639
Noon,16.95,0.199216
Noon,16.85,0.196519
Noon,16.75,0.197097
Noon,16.65,0.193874
Noon,16.55,0.185214
Noon,16.45,0.182875
Noon,16.35,0.18199
Noon,16.25,0.178481
Noon,16.15,0.177538
Noon,16.05,0.185282
Noon,15.95,0.190121
Noon,15.85,0.188367
Noon,15.75,0.184266
Noon,15.65,0.176405
Noon,15.55,0.170507
Noon,15.45,0.17209
Noon,15.35,0.176234
Noon,15.25,0.173259
Noon,15.15,0.174236
Noon,15.05,0.168997
Noon,14.95,0.170145
Noon,14.85,0.172133
Noon,14.75,0.170751
Noon,14.65,0.173025
Noon,14.55,0.172869
Noon,14.45,0.172974
Noon,14.35,0.168546
Noon,14.25,0.171331
Noon,14.15,0.175729
Noon,14.05,0.181279
Noon,13.95,0.181765
Noon,13.85,0.184064
Noon,13.75,0.184939
Noon,13.65,0.184305
Noon,13.55,0.181026
Noon,13.45,0.183262
Noon,13.35,0.183917
Noon,13.25,0.179531
Noon,13.15,0.173504
Noon,13.05,0.176361
Noon,12.95,0.181692
Noon,12.85,0.186075
Noon,12.75,0.186366
Noon,12.65,0.183989
Noon,12.55,0.185497
Noon,12.45,0.186178
Noon,12.35,0.195542
Noon,12.25,0.190477
Noon,12.15,0.182887
Noon,12.05,0.188004
Noon,11.95,0.191918
Noon,11.85,0.195108
Noon,11.75,0.190237
Noon,11.65,0.183624
Noon,11.55,0.184844
Noon,11.45,0.182232
Noon,11.35,0.18731
Noon,11.25,0.19221
Noon,11.15,0.187746
Noon,11.05,0.193499
Noon,10.95,0.195161
Noon,10.85,0.197568
Noon,10.75,0.190358
Noon,10.65,0.186157
Noon,10.55,0.186761
Noon,10.45,0.181873
Noon,10.35,0.1772
Noon,10.25,0.166289
Noon,10.15,0.173727
Noon,10.05,0.182336
Noon,9.95,0.188636
Noon,9.85,0.192686
Noon,9.75,0.192913
Noon,9.65,0.186803
Noon,9.55,0.184675
Noon,9.45,0.184952
Noon,9.35,0.180211
Noon,9.25,0.179861
Noon,9.15,0.183804
Noon,9.05,0.188055
Noon,8.95,0.183496
Noon,8.85,0.184124
Noon,8.75,0.184852
Noon,8.65,0.182881
Noon,8.55,0.178733
Noon,8.45,0.176713
Noon,8.35,0.173064
Noon,8.25,0.171344
Noon,8.15,0.164333
Noon,8.05,0.172792
Noon,7.95,0.173143
Noon,7.85,0.174395
Noon,7.75,0.174874
Noon,7.65,0.17064
Noon,7.55,0.170672
Noon,7.45,0.175905
Noon,7.35,0.174841
Noon,7.25,0.180112
Noon,7.15,0.179266
Noon,7.05,0.180018
Noon,6.95,0.178008
Noon,6.85,0.175709
Noon,6.75,0.178619
Noon,6.65,0.180476
Noon,6.55,0.178122
Noon,6.45,0.177363
Noon,6.35,0.183179
Noon,6.25,0.187274
Noon,6.15,0.187049
Noon,6.05,0.189873
Noon,5.95,0.188714
Noon,5.85,0.188286
Noon,5.75,0.184761
Noon,5.65,0.17949
Noon,5.55,0.180698
Noon,5.45,0.180279
Noon,5.35,0.184293
Noon,5.25,0.18779
Noon,5.15,0.19139
Noon,5.05,0.194115
Noon,4.95,0.197364
Noon,4.85,0.195904
Noon,4.75,0.200378
Noon,4.65,0.201582
Noon,4.55,0.200964
Noon,4.45,0.200659
Noon,4.35,0.190121
Noon,4.25,0.189641
Noon,4.15,0.184824
Noon,4.05,0.183013
Noon,3.95,0.181584
Noon,3.85,0.176421
Noon,3.75,0.171785
Noon,3.65,0.168048
Noon,3.55,0.163841
Noon,3.45,0.163976
Noon,3.35,0.159613
Noon,3.25,0.155198
Noon,3.15,0.147671
Noon,3.05,0.148646
Noon,2.95,0.144799
Noon,2.85,0.140167
Noon,2.75,0.14263
Noon,2.65,0.140506
Noon,2.55,0.140012
Noon,2.45,0.136846
Noon,2.35,0.135506
Noon,2.25,0.134196
Noon,2.15,0.13564
Noon,2.05,0.134263
Noon,1.95,0.135819
Noon,1.85,0.127464
Noon,1.75,0.116683
Noon,1.65,0.116699
Noon,1.55,0.11469
Noon,1.45,0.113169
Noon,1.35,0.108681
Noon,1.25,0.110618
Noon,1.15,0.112582
Noon,1.05,0.107276
Noon,0.95,0.103839
Noon,0.85,0.099657
Noon,0.75,0.098712
Noon,0.65,0.096427
Noon,0.55,0.097415
Noon,0.45,0.09772
Noon,0.35,0.094004
Noon,0.25,0.092346
Noon,0.15,0.087221
Noon,0.05,0.083128
Noon,-0.05,0.084678
Noon,-0.15,0.085296
Noon,-0.25,0.08771
Noon,-0.35,0.089302
Noon,-0.45,0.084254
Noon,-0.55,0.087053
Noon,-0.65,0.088789
Noon,-0.75,0.089295
Noon,-0.85,0.089072
Noon,-0.95,0.09199
Noon,-1.05,0.096217
Noon,-1.15,0.098225
Noon,-1.25,0.101138
Noon,-1.35,0.101017
Noon,-1.45,0.102238
Noon,-1.55,0.099362
Noon,-1.65,0.101246
Noon,-1.75,0.101994
Noon,-1.85,0.101228
Noon,-1.95,0.104327
Noon,-2.05,0.101075
Noon,-2.15,0.10096
Noon,-2.25,0.096001
Noon,-2.35,0.094058
Noon,-2.45,0.093992
Noon,-2.55,0.092643
Noon,-2.65,0.095049
Noon,-2.75,0.099096
Noon,-2.85,0.098209
Noon,-2.95,0.10229
Noon,-3.05,0.108584
Noon,-3.15,0.11211
Noon,-3.25,0.117329
Noon,-3.35,0.124042
Noon,-3.45,0.126462
Noon,-3.55,0.128234
Noon,-3.65,0.129568
Noon,-3.75,0.137919
Noon,-3.85,0.14442
Noon,-3.95,0.139565
Noon,-4.05,0.136017
Noon,-4.15,0.136261
Noon,-4.25,0.134724
Noon,-4.35,0.13587
Noon,-4.45,0.137312
Noon,-4.55,0.137154
Noon,-4.65,0.135136
Noon,-4.75,0.132964
Noon,-4.85,0.132884
Noon,-4.95,0.131816
Noon,-5.05,0.132983
Noon,-5.15,0.13313
Noon,-5.25,0.139321
Noon,-5.35,0.139062
Noon,-5.45,0.140646
Noon,-5.55,0.140383
Noon,-5.65,0.141493
Noon,-5.75,0.142238
Noon,-5.85,0.143262
Noon,-5.95,0.143752
Noon,-6.05,0.139725
Noon,-6.15,0.141307
Noon,-6.25,0.141812
Noon,-6.35,0.14234
Noon,-6.45,0.145972
Noon,-6.55,0.146729
Noon,-6.65,0.149952
Noon,-6.75,0.150256
Noon,-6.85,0.157038
Noon,-6.95,0.158105
Noon,-7.05,0.165493
Noon,-7.15,0.161388
Noon,-7.25,0.159598
Noon,-7.35,0.159399
Noon,-7.45,0.155997
Noon,-7.55,0.156473
Noon,-7.65,0.1534
Noon,-7.75,0.151899
Noon,-7.85,0.152338
Noon,-7.95,0.151498
Noon,-8.05,0.149676
Noon,-8.15,0.149634
Noon,-8.25,0.145827
Noon,-8.35,0.144233
Noon,-8.45,0.14575
Noon,-8.55,0.152918
Noon,-8.65,0.163582
Noon,-8.75,0.157757
Noon,-8.85,0.153728
Noon,-8.95,0.148973
Noon,-9.05,0.15163
Noon,-9.15,0.155326
Noon,-9.25,0.154103
Noon,-9.35,0.152806
Noon,-9.45,0.154451
Noon,-9.55,0.158577
Noon,-9.65,0.156965
Noon,-9.75,0.160242
Noon,-9.85,0.162523
Noon,-9.95,0.163684
Noon,-10.05,0.163987
Noon,-10.15,0.164593
Noon,-10.25,0.164942
Noon,-10.35,0.168226
Noon,-10.45,0.171105
Noon,-10.55,0.165494
Noon,-10.65,0.164291
Noon,-10.75,0.168232
Noon,-10.85,0.168241
Noon,-10.95,0.167064
Noon,-11.05,0.169801
Noon,-11.15,0.170126
Noon,-11.25,0.169801
Noon,-11.35,0.16944
Noon,-11.45,0.169215
Noon,-11.55,0.172364
Noon,-11.65,0.174269
Noon,-11.75,0.171863
Noon,-11.85,0.165887
Noon,-11.95,0.167058
Noon,-12.05,0.169031
Noon,-12.15,0.170282
Noon,-12.25,0.168809
Noon,-12.35,0.173717
Noon,-12.45,0.174682
Noon,-12.55,0.177635
Noon,-12.65,0.180194
Noon,-12.75,0.182443
Noon,-12.85,0.185787
Noon,-12.95,0.1934
Noon,-13.05,0.192892
Noon,-13.15,0.194952
Noon,-13.25,0.196817
Noon,-13.35,0.199525
Noon,-13.45,0.203513
Noon,-13.55,0.205429
Noon,-13.65,0.205768
Noon,-13.75,0.215045
Noon,-13.85,0.219141
Noon,-13.95,0.218886
Noon,-14.05,0.224081
Noon,-14.15,0.230622
Noon,-14.25,0.234633
Noon,-14.35,0.230607
Noon,-14.45,0.23353
Noon,-14.55,0.234684
Noon,-14.65,0.243837
Noon,-14.75,0.245534
Noon,-14.85,0.242283
Noon,-14.95,0.244138
Noon,-15.05,0.246378
Noon,-15.15,0.256223
Noon,-15.25,0.261483
Noon,-15.35,0.26515
Noon,-15.45,0.267469
Noon,-15.55,0.262815
Noon,-15.65,0.270827
Noon,-15.75,0.279156
Noon,-15.85,0.28954
Noon,-15.95,0.297381
Noon,-16.05,0.298246
Noon,-16.15,0.303131
Noon,-16.25,0.301376
Noon,-16.35,0.300666
Noon,-16.45,0.30119
Noon,-16.55,0.303087
Noon,-16.65,0.304433
Noon,-16.75,0.302753
Noon,-16.85,0.308164
Noon,-16.95,0.308728
Noon,-17.05,0.310884
Noon,-17.15,0.313184
Noon,-17.25,0.313739
Noon,-17.35,0.315209
Noon,-17.45,0.317005
Noon,-17.55,0.315134
Noon,-17.65,0.314248
Noon,-17.75,0.310579
Noon,-17.85,0.310762
Noon,-17.95,0.309072
Noon,-18.05,0.309826
Noon,-18.15,0.308647
Noon,-18.25,0.313721
Noon,-18.35,0.316326
Noon,-18.45,0.316613
Noon,-18.55,0.318976
Noon,-18.65,0.323191
Noon,-18.75,0.323904
Noon,-18.85,0.324823
Noon,-18.95,0.332313
Noon,-19.05,0.336087
Noon,-19.15,0.341085
Noon,-19.25,0.338112
Noon,-19.35,0.340084
Noon,-19.45,0.346007
Noon,-19.55,0.348067
Noon,-19.65,0.352182
Noon,-19.75,0.362295
Noon,-19.85,0.366224
Noon,-19.95,0.365973
Noon,-20.05,0.367215
Noon,-20.15,0.371604
Noon,-20.25,0.371993
Noon,-20.35,0.373485
Noon,-20.45,0.373308
Noon,-20.55,0.371321
Noon,-20.65,0.373932
Noon,-20.75,0.379584
Noon,-20.85,0.380646
Noon,-20.95,0.378161
Noon,-21.05,0.379092
Noon,-21.15,0.388173
Noon,-21.25,0.396787
Noon,-21.35,0.394454
Noon,-21.45,0.396833
Noon,-21.55,0.401801
Noon,-21.65,0.400626
Noon,-21.75,0.399576
Noon,-21.85,0.399823
Noon,-21.95,0.399312
Noon,-22.05,0.398205
Noon,-22.15,0.399314
Noon,-22.25,0.397779
Noon,-22.35,0.401172
Noon,-22.45,0.402868
Noon,-22.55,0.403291
Noon,-22.65,0.401974
Noon,-22.75,0.404045
Noon,-22.85,0.412228
Noon,-22.95,0.412768
Noon,-23.05,0.41167
Noon,-23.15,0.416182
Noon,-23.25,0.415242
Noon,-23.35,0.4218
Noon,-23.45,0.419653
Noon,-23.55,0.417508
Noon,-23.65,0.4148
Noon,-23.75,0.411106
Noon,-23.85,0.409251
Noon,-23.95,0.41364
Noon,-24.05,0.416156
Noon,-24.15,0.413002
Noon,-24.25,0.405707
Noon,-24.35,0.406364
Noon,-24.45,0.409752
Noon,-24.55,0.408725
Noon,-24.65,0.402645
Noon,-24.75,0.401496
Noon,-24.85,0.39733
Noon,-24.95,0.399552
Noon,-25.05,0.403724
Noon,-25.15,0.403224
Noon,-25.25,0.399465
Noon,-25.35,0.397067
Noon,-25.45,0.400533
Noon,-25.55,0.400019
Noon,-25.65,0.4034
Noon,-25.75,0.408892
Noon,-25.85,0.412664
Noon,-25.95,0.414377
Noon,-26.05,0.41199
Noon,-26.15,0.408191
Noon,-26.25,0.398353
Noon,-26.35,0.402358
Noon,-26.45,0.406636
Noon,-26.55,0.412108
Noon,-26.65,0.412483
Noon,-26.75,0.407151
Noon,-26.85,0.405838
Noon,-26.95,0.40867
Noon,-27.05,0.409474
Noon,-27.15,0.410907
Noon,-27.25,0.416532
Noon,-27.35,0.419718
Noon,-27.45,0.424133
Noon,-27.55,0.423402
Noon,-27.65,0.425115
Noon,-27.75,0.420575
Noon,-27.85,0.417139
Noon,-27.95,0.421556
Noon,-28.05,0.424167
Noon,-28.15,0.419823
Noon,-28.25,0.414311
Noon,-28.35,0.410352
Noon,-28.45,0.416177
Noon,-28.55,0.409164
Noon,-28.65,0.402191
Noon,-28.75,0.40122
Noon,-28.85,0.400186
Noon,-28.95,0.396788
Noon,-29.05,0.396913
Noon,-29.15,0.388409
Noon,-29.25,0.383399
Noon,-29.35,0.386134
Noon,-29.45,0.385559
Noon,-29.55,0.389874
Noon,-29.65,0.386694
Noon,-29.75,0.381863
Noon,-29.85,0.386336
Noon,-29.95,0.378096
Noon,-30.05,0.377754
Noon,-30.15,0.378967
Noon,-30.25,0.373425
Noon,-30.35,0.376258
Noon,-30.45,0.382664
Noon,-30.55,0.377015
Noon,-30.65,0.366928
Noon,-30.75,0.361103
Noon,-30.85,0.363664
Noon,-30.95,0.364578
Noon,-31.05,0.36788
Noon,-31.15,0.358908
Noon,-31.25,0.348797
Noon,-31.35,0.346292
Noon,-31.45,0.342329
Noon,-31.55,0.342281
Noon,-31.65,0.340798
Noon,-31.75,0.339789
Noon,-31.85,0.342772
Noon,-31.95,0.339957
Noon,-32.05,0.341127
Noon,-32.15,0.335821
Noon,-32.25,0.327048
Noon,-32.35,0.327888
Noon,-32.45,0.333061
Noon,-32.55,0.329941
Noon,-32.65,0.321735
Noon,-32.75,0.310024
Noon,-32.85,0.317537
Noon,-32.95,0.317573
Noon,-33.05,0.306016
Noon,-33.15,0.298812
Noon,-33.25,0.293653
Noon,-33.35,0.287068
Noon,-33.45,0.291736
Noon,-33.55,0.297528
Noon,-33.65,0.293431
Noon,-33.75,0.285289
Noon,-33.85,0.278717
Noon,-33.95,0.277635
Noon,-34.05,0.286398
Noon,-34.15,0.289688
Noon,-34.25,0.281907
Noon,-34.35,0.282033
Noon,-34.45,0.287868
Noon,-34.55,0.291938
Noon,-34.65,0.290551
Noon,-34.75,0.290326
Noon,-34.85,0.292103
Noon,-34.95,0.299329
Noon,-35.05,0.308768
Noon,-35.15,0.299127
Noon,-35.25,0.286093
Noon,-35.35,0.280617
Noon,-35.45,0.2718
Noon,-35.55,0.261632
Noon,-35.65,0.254589
Noon,-35.75,0.250469
Noon,-35.85,0.248088
Noon,-35.95,0.250804
Noon,-36.05,0.261568
Noon,-36.15,0.257893
Noon,-36.25,0.25633
Noon,-36.35,0.255069
Noon,-36.45,0.258526
Noon,-36.55,0.252092
Noon,-36.65,0.241859
Noon,-36.75,0.245078
Noon,-36.85,0.246869
Noon,-36.95,0.236221
Noon,-37.05,0.230904
Noon,-37.15,0.217256
Noon,-37.25,0.21012
Noon,-37.35,0.209833
Noon,-37.45,0.212332
Noon,-37.55,0.212453
Noon,-37.65,0.210077
Noon,-37.75,0.230754
Noon,-37.85,0.236287
Noon,-37.95,0.2425
Noon,-38.05,0.236567
Noon,-38.15,0.239794
Noon,-38.25,0.249277
Noon,-38.35,0.249918
Noon,-38.45,0.246263
Noon,-38.55,0.255927
Noon,-38.65,0.270716
Noon,-38.75,0.284504
Noon,-38.85,0.301168
Noon,-38.95,0.307529
Noon,-39.05,0.329118
Noon,-39.15,0.320192
Noon,-39.25,0.333132
Noon,-39.35,0.338613
Noon,-39.45,0.320968
Noon,-39.55,0.315676
Noon,-39.65,0.299692
Noon,-39.75,0.315433
Noon,-39.85,0.326153
Noon,-39.95,0.331126
Noon,-40.05,0.335518
Noon,-40.15,0.331442
Noon,-40.25,0.310079
Noon,-40.35,0.295674
Noon,-40.45,0.304376
Noon,-40.55,0.307551
Noon,-40.65,0.311521
Noon,-40.75,0.3195
Noon,-40.85,0.319082
Noon,-40.95,0.326664
Noon,-41.05,0.335306
Noon,-41.15,0.329698
Noon,-41.25,0.35164
Noon,-41.35,0.35708
Noon,-41.45,0.338877
Noon,-41.55,0.327348
Noon,-41.65,0.316423
Noon,-41.75,0.302948
Noon,-41.85,0.326787
Noon,-41.95,0.311335
Noon,-42.05,0.291528
Noon,-42.15,0.294784
Noon,-42.25,0.320297
Noon,-42.35,0.327059
Noon,-42.45,0.310698
Noon,-42.55,0.313908
Noon,-42.65,0.276173
Noon,-42.75,0.2818
Noon,-42.85,0.28282
Noon,-42.95,0.284212
Noon,-43.05,0.295748
Noon,-43.15,0.282044
Noon,-43.25,0.271689
Noon,-43.35,0.241427
Noon,-43.45,0.226721
Noon,-43.55,0.234412
Noon,-43.65,0.232122
Noon,-43.75,0.236506
Noon,-43.85,0.244425
Noon,-43.95,0.258079
Noon,-44.05,0.245513
Noon,-44.15,0.266752
Noon,-44.25,0.234765
Noon,-44.35,0.225604
Noon,-44.45,0.221992
Noon,-44.55,0.217553
Noon,-44.65,0.217859
Noon,-44.75,0.232228
Noon,-44.85,0.250252
Noon,-44.95,0.2581
Noon,-45.05,0.237755
Noon,-45.15,0.234172
Noon,-45.25,0.233919
Noon,-45.35,0.233961
Noon,-45.45,0.257296
Noon,-45.55,0.265472
Noon,-45.65,0.236836
Noon,-45.75,0.232726
Noon,-45.85,0.239096
Noon,-45.95,0.207815
Noon,-46.05,0.191133
Noon,-46.15,0.221794
Noon,-46.25,0.213307
Noon,-46.35,0.271789
Noon,-46.45,0.263397
Noon,-46.55,0.27406
Noon,-46.65,0.257879
Noon,-46.75,0.22014
Noon,-46.85,0.19484
Noon,-46.95,0.187018
Noon,-47.05,0.180655
Noon,-47.15,0.187997
Noon,-47.25,0.205332
Noon,-47.35,0.206665
Noon,-47.45,0.194087
Noon,-47.55,0.196533
Noon,-47.65,0.180932
Noon,-47.75,0.194259
Noon,-47.85,0.197681
Noon,-47.95,0.187268
Noon,-48.05,0.193022
Noon,-48.15,0.206289
Noon,-48.25,0.185335
Noon,-48.35,0.207353
Noon,-48.45,0.206419
Noon,-48.55,0.199282
Noon,-48.65,0.182611
Noon,-48.75,0.206494
Noon,-48.85,0.228548
Noon,-48.95,0.2046
Noon,-49.05,0.199144
Noon,-49.15,0.185881
Noon,-49.25,0.166612
Noon,-49.35,0.179458
Noon,-49.45,0.211867
Noon,-49.55,0.194481
Noon,-49.65,0.162823
Noon,-49.75,0.127165
Noon,-49.85,0.101595
Noon,-49.95,0.069963
Noon,-50.05,0.079571
Noon,-50.15,0.098683
Noon,-50.25,0.104903
Noon,-50.35,0.043011
Noon,-50.45,0.059138
Noon,-50.55,0.059655
Noon,-50.65,0.053573
Noon,-50.75,0.048156
Noon,-50.85,0.043223
Noon,-50.95,0.048668
Noon,-51.05,0.054043
Noon,-51.15,0.067863
Noon,-51.25,0.068162
Noon,-51.35,0.105715
Noon,-51.45,0.114505
Noon,-51.55,0.140223
Noon,-51.65,0.153732
Noon,-51.75,0.117345
Noon,-51.85,0.097898
Noon,-51.95,0.109713
Noon,-52.05,0.114729
Noon,-52.15,0.124697
Noon,-52.25,0.13685
Noon,-52.35,0.131831
Noon,-52.45,0.104187
Noon,-52.55,0.091334
Noon,-52.65,0.114938
Noon,-52.75,0.048547
Noon,-52.85,0.091028
Noon,-52.95,0.103213
Noon,-53.05,0.103887
Noon,-53.15,0.107411
Noon,-53.25,0.127013
Noon,-53.35,0.115144
Noon,-53.45,0.101979
Noon,-53.55,0.124586
Noon,-53.65,0.14573
Noon,-53.75,0.152112
Noon,-53.85,0.124652
Noon,-53.95,0.097657
Noon,-54.05,0.08726
Noon,-54.15,0.094589
Noon,-54.25,0.106447
Noon,-54.35,0.142586
Noon,-54.45,0.157241
Noon,-54.55,0.071626
Noon,-54.65,0.126684
Noon,-54.75,0.101067
Noon,-54.85,0.199081
Noon,-54.95,0.169027
Noon,-55.05,0.112439
Noon,-55.15,0.109122
Allday,83.15,0.07525
Allday,82.75,0.023451
Allday,82.65,0.007949
Allday,82.55,0.07909
Allday,82.45,0.086847
Allday,82.25,0.023848
Allday,82.15,0.064081
Allday,82.05,0.075596
Allday,81.95,0.044628
Allday,81.85,0.035656
Allday,81.75,0.03057
Allday,81.65,0.025487
Allday,81.55,0.013743
Allday,81.25,0.026123
Allday,81.15,0.030415
Allday,81.05,0.074585
Allday,80.95,0.04037
Allday,80.85,0.050873
Allday,80.75,0.054634
Allday,80.65,0.074263
Allday,80.55,0.076342
Allday,80.45,0.15601
Allday,80.35,0.158945
Allday,80.25,0.126669
Allday,80.15,0.116631
Allday,80.05,0.116056
Allday,79.95,0.153701
Allday,79.85,0.145981
Allday,79.75,0.111224
Allday,79.65,0.157182
Allday,79.55,0.143026
Allday,79.45,0.158616
Allday,79.35,0.109793
Allday,79.25,0.104897
Allday,79.15,0.111733
Allday,79.05,0.089342
Allday,78.95,0.109884
Allday,78.85,0.09569
Allday,78.75,0.134413
Allday,78.65,0.136817
Allday,78.55,0.137414
Allday,78.45,0.107128
Allday,78.35,0.119462
Allday,78.25,0.153069
Allday,78.15,0.198606
Allday,78.05,0.16597
Allday,77.95,0.136884
Allday,77.85,0.122606
Allday,77.75,0.124259
Allday,77.65,0.128655
Allday,77.55,0.107491
Allday,77.45,0.112373
Allday,77.35,0.088272
Allday,77.25,0.115562
Allday,77.15,0.050556
Allday,77.05,0.120981
Allday,76.95,0.13988
Allday,76.85,0.107636
Allday,76.75,0.102133
Allday,76.65,0.118197
Allday,76.55,0.142975
Allday,76.45,0.129986
Allday,76.35,0.140022
Allday,76.25,0.156709
Allday,76.15,0.162788
Allday,76.05,0.167593
Allday,75.95,0.172404
Allday,75.85,0.180983
Allday,75.75,0.160758
Allday,75.65,0.18087
Allday,75.55,0.189787
Allday,75.45,0.18851
Allday,75.35,0.18609
Allday,75.25,0.18624
Allday,75.15,0.193225
Allday,75.05,0.227552
Allday,74.95,0.233466
Allday,74.85,0.215239
Allday,74.75,0.221
Allday,74.65,0.215981
Allday,74.55,0.212836
Allday,74.45,0.223562
Allday,74.35,0.215308
Allday,74.25,0.214236
Allday,74.15,0.19412
Allday,74.05,0.206358
Allday,73.95,0.216232
Allday,73.85,0.211352
Allday,73.75,0.191567
Allday,73.65,0.1931
Allday,73.55,0.19576
Allday,73.45,0.187358
Allday,73.35,0.194332
Allday,73.25,0.188364
Allday,73.15,0.176338
Allday,73.05,0.185717
Allday,72.95,0.186584
Allday,72.85,0.182689
Allday,72.75,0.177009
Allday,72.65,0.179649
Allday,72.55,0.178737
Allday,72.45,0.180304
Allday,72.35,0.172833
Allday,72.25,0.166803
Allday,72.15,0.17214
Allday,72.05,0.165959
Allday,71.95,0.172739
Allday,71.85,0.1714
Allday,71.75,0.163984
Allday,71.65,0.168194
Allday,71.55,0.166072
Allday,71.45,0.162908
Allday,71.35,0.164941
Allday,71.25,0.165254
Allday,71.15,0.161287
Allday,71.05,0.162334
Allday,70.95,0.161403
Allday,70.85,0.164685
Allday,70.75,0.172788
Allday,70.65,0.172648
Allday,70.55,0.169807
Allday,70.45,0.173419
Allday,70.35,0.171805
Allday,70.25,0.174897
Allday,70.15,0.179426
Allday,70.05,0.179239
Allday,69.95,0.178698
Allday,69.85,0.173635
Allday,69.75,0.166095
Allday,69.65,0.167644
Allday,69.55,0.16517
Allday,69.45,0.165541
Allday,69.35,0.169412
Allday,69.25,0.165708
Allday,69.15,0.166497
Allday,69.05,0.168034
Allday,68.95,0.166301
Allday,68.85,0.164768
Allday,68.75,0.165978
Allday,68.65,0.160237
Allday,68.55,0.168995
Allday,68.45,0.170274
Allday,68.35,0.165697
Allday,68.25,0.160985
Allday,68.15,0.162251
Allday,68.05,0.165572
Allday,67.95,0.162436
Allday,67.85,0.159937
Allday,67.75,0.163632
Allday,67.65,0.168591
Allday,67.55,0.167225
Allday,67.45,0.172027
Allday,67.35,0.169898
Allday,67.25,0.166513
Allday,67.15,0.169473
Allday,67.05,0.169162
Allday,66.95,0.163199
Allday,66.85,0.163321
Allday,66.75,0.165083
Allday,66.65,0.159039
Allday,66.55,0.159751
Allday,66.45,0.159914
Allday,66.35,0.1577
Allday,66.25,0.160429
Allday,66.15,0.160121
Allday,66.05,0.167116
Allday,65.95,0.16344
Allday,65.85,0.161724
Allday,65.75,0.162679
Allday,65.65,0.162239
Allday,65.55,0.162289
Allday,65.45,0.169715
Allday,65.35,0.167815
Allday,65.25,0.164437
Allday,65.15,0.168794
Allday,65.05,0.172076
Allday,64.95,0.172324
Allday,64.85,0.168482
Allday,64.75,0.159279
Allday,64.65,0.155166
Allday,64.55,0.160919
Allday,64.45,0.161151
Allday,64.35,0.161528
Allday,64.25,0.160593
Allday,64.15,0.152427
Allday,64.05,0.150867
Allday,63.95,0.14905
Allday,63.85,0.146654
Allday,63.75,0.145159
Allday,63.65,0.14811
Allday,63.55,0.151498
Allday,63.45,0.149769
Allday,63.35,0.149336
Allday,63.25,0.149011
Allday,63.15,0.150317
Allday,63.05,0.150936
Allday,62.95,0.152909
Allday,62.85,0.148641
Allday,62.75,0.147452
Allday,62.65,0.145306
Allday,62.55,0.141499
Allday,62.45,0.144994
Allday,62.35,0.145014
Allday,62.25,0.148204
Allday,62.15,0.148892
Allday,62.05,0.148951
Allday,61.95,0.150122
Allday,61.85,0.145162
Allday,61.75,0.140615
Allday,61.65,0.139182
Allday,61.55,0.143019
Allday,61.45,0.143901
Allday,61.35,0.1421
Allday,61.25,0.142045
Allday,61.15,0.142247
Allday,61.05,0.136742
Allday,60.95,0.13832
Allday,60.85,0.131504
Allday,60.75,0.131068
Allday,60.65,0.128006
Allday,60.55,0.127862
Allday,60.45,0.127509
Allday,60.35,0.126214
Allday,60.25,0.124234
Allday,60.15,0.12249
Allday,60.05,0.11806
Allday,59.95,0.116521
Allday,59.85,0.116567
Allday,59.75,0.11208
Allday,59.65,0.114626
Allday,59.55,0.108128
Allday,59.45,0.100306
Allday,59.35,0.10222
Allday,59.25,0.101333
Allday,59.15,0.097583
Allday,59.05,0.096197
Allday,58.95,0.091742
Allday,58.85,0.090973
Allday,58.75,0.08901
Allday,58.65,0.08573
Allday,58.55,0.087652
Allday,58.45,0.092712
Allday,58.35,0.093223
Allday,58.25,0.091865
Allday,58.15,0.089584
Allday,58.05,0.092243
Allday,57.95,0.092557
Allday,57.85,0.09386
Allday,57.75,0.094516
Allday,57.65,0.094696
Allday,57.55,0.095229
Allday,57.45,0.094324
Allday,57.35,0.094007
Allday,57.25,0.096745
Allday,57.15,0.101958
Allday,57.05,0.101836
Allday,56.95,0.098787
Allday,56.85,0.096328
Allday,56.75,0.095738
Allday,56.65,0.096231
Allday,56.55,0.094273
Allday,56.45,0.094397
Allday,56.35,0.096117
Allday,56.25,0.096069
Allday,56.15,0.094658
Allday,56.05,0.092683
Allday,55.95,0.095202
Allday,55.85,0.09853
Allday,55.75,0.096414
Allday,55.65,0.101543
Allday,55.55,0.103324
Allday,55.45,0.095462
Allday,55.35,0.097264
Allday,55.25,0.097035
Allday,55.15,0.094095
Allday,55.05,0.095497
Allday,54.95,0.090519
Allday,54.85,0.089783
Allday,54.75,0.088299
Allday,54.65,0.089728
Allday,54.55,0.086532
Allday,54.45,0.086568
Allday,54.35,0.085188
Allday,54.25,0.083747
Allday,54.15,0.088958
Allday,54.05,0.08805
Allday,53.95,0.086563
Allday,53.85,0.083993
Allday,53.75,0.088622
Allday,53.65,0.089015
Allday,53.55,0.087326
Allday,53.45,0.085412
Allday,53.35,0.07924
Allday,53.25,0.077436
Allday,53.15,0.0801
Allday,53.05,0.078965
Allday,52.95,0.083242
Allday,52.85,0.085317
Allday,52.75,0.081971
Allday,52.65,0.083838
Allday,52.55,0.08603
Allday,52.45,0.094115
Allday,52.35,0.095738
Allday,52.25,0.095722
Allday,52.15,0.095087
Allday,52.05,0.095007
Allday,51.95,0.096663
Allday,51.85,0.096796
Allday,51.75,0.099023
Allday,51.65,0.100272
Allday,51.55,0.098229
Allday,51.45,0.096573
Allday,51.35,0.097442
Allday,51.25,0.100385
Allday,51.15,0.100121
Allday,51.05,0.100314
Allday,50.95,0.100274
Allday,50.85,0.098442
Allday,50.75,0.099075
Allday,50.65,0.101762
Allday,50.55,0.10396
Allday,50.45,0.104029
Allday,50.35,0.111412
Allday,50.25,0.11376
Allday,50.15,0.115261
Allday,50.05,0.115097
Allday,49.95,0.114784
Allday,49.85,0.113752
Allday,49.75,0.115859
Allday,49.65,0.115976
Allday,49.55,0.113784
Allday,49.45,0.118667
Allday,49.35,0.121178
Allday,49.25,0.122395
Allday,49.15,0.125297
Allday,49.05,0.125021
Allday,48.95,0.125518
Allday,48.85,0.122954
Allday,48.75,0.121931
Allday,48.65,0.125215
Allday,48.55,0.126602
Allday,48.45,0.128092
Allday,48.35,0.125934
Allday,48.25,0.126681
Allday,48.15,0.125008
Allday,48.05,0.12759
Allday,47.95,0.130605
Allday,47.85,0.131129
Allday,47.75,0.137199
Allday,47.65,0.139551
Allday,47.55,0.136897
Allday,47.45,0.137333
Allday,47.35,0.140339
Allday,47.25,0.142809
Allday,47.15,0.144338
Allday,47.05,0.144202
Allday,46.95,0.144784
Allday,46.85,0.139866
Allday,46.75,0.13595
Allday,46.65,0.137638
Allday,46.55,0.137293
Allday,46.45,0.13624
Allday,46.35,0.137181
Allday,46.25,0.135813
Allday,46.15,0.135147
Allday,46.05,0.133683
Allday,45.95,0.132491
Allday,45.85,0.129893
Allday,45.75,0.133257
Allday,45.65,0.135774
Allday,45.55,0.131132
Allday,45.45,0.131303
Allday,45.35,0.132662
Allday,45.25,0.132836
Allday,45.15,0.128351
Allday,45.05,0.122251
Allday,44.95,0.117631
Allday,44.85,0.117069
Allday,44.75,0.11903
Allday,44.65,0.120266
Allday,44.55,0.118764
Allday,44.45,0.120794
Allday,44.35,0.122002
Allday,44.25,0.121848
Allday,44.15,0.118545
Allday,44.05,0.119884
Allday,43.95,0.121202
Allday,43.85,0.119798
Allday,43.75,0.120712
Allday,43.65,0.114023
Allday,43.55,0.112721
Allday,43.45,0.111879
Allday,43.35,0.11122
Allday,43.25,0.112712
Allday,43.15,0.107838
Allday,43.05,0.105454
Allday,42.95,0.1096
Allday,42.85,0.111667
Allday,42.75,0.120282
Allday,42.65,0.125605
Allday,42.55,0.120807
Allday,42.45,0.122009
Allday,42.35,0.120506
Allday,42.25,0.117062
Allday,42.15,0.112117
Allday,42.05,0.113071
Allday,41.95,0.11688
Allday,41.85,0.118121
Allday,41.75,0.115365
Allday,41.65,0.114726
Allday,41.55,0.115543
Allday,41.45,0.112197
Allday,41.35,0.113355
Allday,41.25,0.110104
Allday,41.15,0.11137
Allday,41.05,0.107772
Allday,40.95,0.109408
Allday,40.85,0.107772
Allday,40.75,0.106985
Allday,40.65,0.107033
Allday,40.55,0.106411
Allday,40.45,0.104862
Allday,40.35,0.103218
Allday,40.25,0.103364
Allday,40.15,0.113499
Allday,40.05,0.112906
Allday,39.95,0.112278
Allday,39.85,0.118071
Allday,39.75,0.121575
Allday,39.65,0.124647
Allday,39.55,0.118829
Allday,39.45,0.119227
Allday,39.35,0.121415
Allday,39.25,0.122667
Allday,39.15,0.120813
Allday,39.05,0.120767
Allday,38.95,0.122407
Allday,38.85,0.121561
Allday,38.75,0.12099
Allday,38.65,0.128165
Allday,38.55,0.13062
Allday,38.45,0.134297
Allday,38.35,0.133434
Allday,38.25,0.13465
Allday,38.15,0.136857
Allday,38.05,0.135729
Allday,37.95,0.129416
Allday,37.85,0.126639
Allday,37.75,0.127068
Allday,37.65,0.125375
Allday,37.55,0.12237
Allday,37.45,0.120931
Allday,37.35,0.120374
Allday,37.25,0.117709
Allday,37.15,0.112832
Allday,37.05,0.11102
Allday,36.95,0.111202
Allday,36.85,0.10803
Allday,36.75,0.110671
Allday,36.65,0.124148
Allday,36.55,0.13099
Allday,36.45,0.131174
Allday,36.35,0.130939
Allday,36.25,0.126843
Allday,36.15,0.121107
Allday,36.05,0.123897
Allday,35.95,0.126878
Allday,35.85,0.126156
Allday,35.75,0.126117
Allday,35.65,0.119283
Allday,35.55,0.123967
Allday,35.45,0.125654
Allday,35.35,0.13082
Allday,35.25,0.128529
Allday,35.15,0.129041
Allday,35.05,0.133034
Allday,34.95,0.133705
Allday,34.85,0.134217
Allday,34.75,0.136504
Allday,34.65,0.131527
Allday,34.55,0.131967
Allday,34.45,0.138377
Allday,34.35,0.137092
Allday,34.25,0.138241
Allday,34.15,0.130991
Allday,34.05,0.133175
Allday,33.95,0.142432
Allday,33.85,0.140464
Allday,33.75,0.140517
Allday,33.65,0.147175
Allday,33.55,0.155168
Allday,33.45,0.156305
Allday,33.35,0.156014
Allday,33.25,0.161015
Allday,33.15,0.159164
Allday,33.05,0.15922
Allday,32.95,0.159653
Allday,32.85,0.157507
Allday,32.75,0.163723
Allday,32.65,0.171836
Allday,32.55,0.178629
Allday,32.45,0.179136
Allday,32.35,0.186009
Allday,32.25,0.187039
Allday,32.15,0.176966
Allday,32.05,0.171865
Allday,31.95,0.167856
Allday,31.85,0.170263
Allday,31.75,0.180149
Allday,31.65,0.17737
Allday,31.55,0.170754
Allday,31.45,0.171921
Allday,31.35,0.174211
Allday,31.25,0.180591
Allday,31.15,0.178569
Allday,31.05,0.177854
Allday,30.95,0.178944
Allday,30.85,0.180706
Allday,30.75,0.174499
Allday,30.65,0.174853
Allday,30.55,0.176203
Allday,30.45,0.175483
Allday,30.35,0.17838
Allday,30.25,0.183603
Allday,30.15,0.177774
Allday,30.05,0.175289
Allday,29.95,0.176132
Allday,29.85,0.17621
Allday,29.75,0.183857
Allday,29.65,0.180384
Allday,29.55,0.183729
Allday,29.45,0.181647
Allday,29.35,0.185784
Allday,29.25,0.184437
Allday,29.15,0.190917
Allday,29.05,0.190234
Allday,28.95,0.190399
Allday,28.85,0.191557
Allday,28.75,0.190221
Allday,28.65,0.197022
Allday,28.55,0.192944
Allday,28.45,0.194345
Allday,28.35,0.199707
Allday,28.25,0.193822
Allday,28.15,0.190938
Allday,28.05,0.195693
Allday,27.95,0.194246
Allday,27.85,0.197879
Allday,27.75,0.20273
Allday,27.65,0.198511
Allday,27.55,0.189312
Allday,27.45,0.177521
Allday,27.35,0.178748
Allday,27.25,0.18511
Allday,27.15,0.182219
Allday,27.05,0.180912
Allday,26.95,0.18743
Allday,26.85,0.189637
Allday,26.75,0.193973
Allday,26.65,0.191807
Allday,26.55,0.186687
Allday,26.45,0.180099
Allday,26.35,0.174205
Allday,26.25,0.175527
Allday,26.15,0.175997
Allday,26.05,0.179996
Allday,25.95,0.176339
Allday,25.85,0.178452
Allday,25.75,0.173139
Allday,25.65,0.170172
Allday,25.55,0.174481
Allday,25.45,0.178151
Allday,25.35,0.176381
Allday,25.25,0.179374
Allday,25.15,0.17481
Allday,25.05,0.178032
Allday,24.95,0.176628
Allday,24.85,0.175229
Allday,24.75,0.175822
Allday,24.65,0.168531
Allday,24.55,0.164152
Allday,24.45,0.164417
Allday,24.35,0.166221
Allday,24.25,0.169005
Allday,24.15,0.161242
Allday,24.05,0.159493
Allday,23.95,0.154609
Allday,23.85,0.148641
Allday,23.75,0.143226
Allday,23.65,0.139323
Allday,23.55,0.137776
Allday,23.45,0.132498
Allday,23.35,0.129999
Allday,23.25,0.130752
Allday,23.15,0.136273
Allday,23.05,0.141965
Allday,22.95,0.147178
Allday,22.85,0.156854
Allday,22.75,0.160155
Allday,22.65,0.158482
Allday,22.55,0.161918
Allday,22.45,0.15966
Allday,22.35,0.164872
Allday,22.25,0.163855
Allday,22.15,0.159865
Allday,22.05,0.165255
Allday,21.95,0.169692
Allday,21.85,0.174985
Allday,21.75,0.174975
Allday,21.65,0.171744
Allday,21.55,0.175413
Allday,21.45,0.176025
Allday,21.35,0.17954
Allday,21.25,0.177999
Allday,21.15,0.171589
Allday,21.05,0.166862
Allday,20.95,0.174439
Allday,20.85,0.172021
Allday,20.75,0.161415
Allday,20.65,0.157272
Allday,20.55,0.154689
Allday,20.45,0.144921
Allday,20.35,0.144683
Allday,20.25,0.146065
Allday,20.15,0.150184
Allday,20.05,0.152282
Allday,19.95,0.147169
Allday,19.85,0.138306
Allday,19.75,0.153751
Allday,19.65,0.147657
Allday,19.55,0.155272
Allday,19.45,0.159996
Allday,19.35,0.156507
Allday,19.25,0.149504
Allday,19.15,0.135974
Allday,19.05,0.142476
Allday,18.95,0.15403
Allday,18.85,0.156603
Allday,18.75,0.162748
Allday,18.65,0.165716
Allday,18.55,0.161554
Allday,18.45,0.165876
Allday,18.35,0.179746
Allday,18.25,0.166601
Allday,18.15,0.171436
Allday,18.05,0.173184
Allday,17.95,0.171379
Allday,17.85,0.17506
Allday,17.75,0.168401
Allday,17.65,0.18091
Allday,17.55,0.188412
Allday,17.45,0.188691
Allday,17.35,0.1873
Allday,17.25,0.193477
Allday,17.15,0.195538
Allday,17.05,0.193067
Allday,16.95,0.194338
Allday,16.85,0.190054
Allday,16.75,0.197173
Allday,16.65,0.181244
Allday,16.55,0.178606
Allday,16.45,0.180883
Allday,16.35,0.175787
Allday,16.25,0.171192
Allday,16.15,0.169637
Allday,16.05,0.170922
Allday,15.95,0.170157
Allday,15.85,0.166661
Allday,15.75,0.163788
Allday,15.65,0.153829
Allday,15.55,0.147478
Allday,15.45,0.139856
Allday,15.35,0.133202
Allday,15.25,0.131033
Allday,15.15,0.130554
Allday,15.05,0.134625
Allday,14.95,0.136384
Allday,14.85,0.141511
Allday,14.75,0.150768
Allday,14.65,0.147415
Allday,14.55,0.142363
Allday,14.45,0.136812
Allday,14.35,0.13534
Allday,14.25,0.135271
Allday,14.15,0.139011
Allday,14.05,0.138114
Allday,13.95,0.134554
Allday,13.85,0.1311
Allday,13.75,0.133095
Allday,13.65,0.131156
Allday,13.55,0.123264
Allday,13.45,0.122198
Allday,13.35,0.12081
Allday,13.25,0.120248
Allday,13.15,0.118076
Allday,13.05,0.118902
Allday,12.95,0.12009
Allday,12.85,0.123961
Allday,12.75,0.12489
Allday,12.65,0.125083
Allday,12.55,0.123173
Allday,12.45,0.124044
Allday,12.35,0.130663
Allday,12.25,0.129874
Allday,12.15,0.127658
Allday,12.05,0.13259
Allday,11.95,0.133831
Allday,11.85,0.136338
Allday,11.75,0.132565
Allday,11.65,0.130571
Allday,11.55,0.132148
Allday,11.45,0.129972
Allday,11.35,0.133511
Allday,11.25,0.13697
Allday,11.15,0.135106
Allday,11.05,0.141806
Allday,10.95,0.147613
Allday,10.85,0.148538
Allday,10.75,0.144671
Allday,10.65,0.141392
Allday,10.55,0.141154
Allday,10.45,0.140971
Allday,10.35,0.135649
Allday,10.25,0.121613
Allday,10.15,0.127372
Allday,10.05,0.129471
Allday,9.95,0.134558
Allday,9.85,0.134584
Allday,9.75,0.138966
Allday,9.65,0.141738
Allday,9.55,0.139298
Allday,9.45,0.137411
Allday,9.35,0.133068
Allday,9.25,0.132709
Allday,9.15,0.137778
Allday,9.05,0.138814
Allday,8.95,0.13244
Allday,8.85,0.137292
Allday,8.75,0.137976
Allday,8.65,0.132444
Allday,8.55,0.130403
Allday,8.45,0.128315
Allday,8.35,0.124596
Allday,8.25,0.130094
Allday,8.15,0.129381
Allday,8.05,0.132801
Allday,7.95,0.129499
Allday,7.85,0.13121
Allday,7.75,0.13213
Allday,7.65,0.13092
Allday,7.55,0.132038
Allday,7.45,0.13139
Allday,7.35,0.131747
Allday,7.25,0.133906
Allday,7.15,0.130786
Allday,7.05,0.128614
Allday,6.95,0.127325
Allday,6.85,0.126042
Allday,6.75,0.12733
Allday,6.65,0.127099
Allday,6.55,0.123674
Allday,6.45,0.121541
Allday,6.35,0.124002
Allday,6.25,0.127729
Allday,6.15,0.129176
Allday,6.05,0.133304
Allday,5.95,0.136619
Allday,5.85,0.134996
Allday,5.75,0.134453
Allday,5.65,0.13557
Allday,5.55,0.142306
Allday,5.45,0.140141
Allday,5.35,0.13974
Allday,5.25,0.138383
Allday,5.15,0.13891
Allday,5.05,0.142379
Allday,4.95,0.14382
Allday,4.85,0.143504
Allday,4.75,0.145526
Allday,4.65,0.142147
Allday,4.55,0.143804
Allday,4.45,0.144931
Allday,4.35,0.14173
Allday,4.25,0.138392
Allday,4.15,0.139776
Allday,4.05,0.140703
Allday,3.95,0.14003
Allday,3.85,0.14149
Allday,3.75,0.138498
Allday,3.65,0.138293
Allday,3.55,0.1367
Allday,3.45,0.13631
Allday,3.35,0.137881
Allday,3.25,0.134213
Allday,3.15,0.131219
Allday,3.05,0.131481
Allday,2.95,0.126907
Allday,2.85,0.123822
Allday,2.75,0.124177
Allday,2.65,0.126336
Allday,2.55,0.125353
Allday,2.45,0.125289
Allday,2.35,0.126612
Allday,2.25,0.12452
Allday,2.15,0.124525
Allday,2.05,0.12337
Allday,1.95,0.124515
Allday,1.85,0.120428
Allday,1.75,0.110748
Allday,1.65,0.109242
Allday,1.55,0.108088
Allday,1.45,0.106214
Allday,1.35,0.106832
Allday,1.25,0.107042
Allday,1.15,0.107
Allday,1.05,0.10479
Allday,0.95,0.105423
Allday,0.85,0.099111
Allday,0.75,0.09603
Allday,0.65,0.091764
Allday,0.55,0.094355
Allday,0.45,0.098741
Allday,0.35,0.095288
Allday,0.25,0.095597
Allday,0.15,0.09175
Allday,0.05,0.084074
Allday,-0.05,0.084474
Allday,-0.15,0.084566
Allday,-0.25,0.086431
Allday,-0.35,0.086259
Allday,-0.45,0.085421
Allday,-0.55,0.087312
Allday,-0.65,0.090675
Allday,-0.75,0.093736
Allday,-0.85,0.092859
Allday,-0.95,0.098019
Allday,-1.05,0.103611
Allday,-1.15,0.105136
Allday,-1.25,0.10705
Allday,-1.35,0.104993
Allday,-1.45,0.102181
Allday,-1.55,0.101061
Allday,-1.65,0.104114
Allday,-1.75,0.104357
Allday,-1.85,0.099209
Allday,-1.95,0.097379
Allday,-2.05,0.096279
Allday,-2.15,0.095912
Allday,-2.25,0.093088
Allday,-2.35,0.092773
Allday,-2.45,0.094949
Allday,-2.55,0.093463
Allday,-2.65,0.095064
Allday,-2.75,0.100925
Allday,-2.85,0.099083
Allday,-2.95,0.105547
Allday,-3.05,0.110999
Allday,-3.15,0.113971
Allday,-3.25,0.117785
Allday,-3.35,0.121227
Allday,-3.45,0.119392
Allday,-3.55,0.125426
Allday,-3.65,0.12492
Allday,-3.75,0.128807
Allday,-3.85,0.137404
Allday,-3.95,0.134269
Allday,-4.05,0.129998
Allday,-4.15,0.129952
Allday,-4.25,0.128469
Allday,-4.35,0.128885
Allday,-4.45,0.127494
Allday,-4.55,0.127713
Allday,-4.65,0.126905
Allday,-4.75,0.126137
Allday,-4.85,0.125507
Allday,-4.95,0.125622
Allday,-5.05,0.125159
Allday,-5.15,0.12364
Allday,-5.25,0.131545
Allday,-5.35,0.128884
Allday,-5.45,0.130819
Allday,-5.55,0.13056
Allday,-5.65,0.128391
Allday,-5.75,0.130621
Allday,-5.85,0.131882
Allday,-5.95,0.130049
Allday,-6.05,0.126437
Allday,-6.15,0.12806
Allday,-6.25,0.130852
Allday,-6.35,0.131647
Allday,-6.45,0.136884
Allday,-6.55,0.139108
Allday,-6.65,0.141931
Allday,-6.75,0.144686
Allday,-6.85,0.144287
Allday,-6.95,0.143734
Allday,-7.05,0.151309
Allday,-7.15,0.148434
Allday,-7.25,0.146568
Allday,-7.35,0.144633
Allday,-7.45,0.140775
Allday,-7.55,0.141769
Allday,-7.65,0.138144
Allday,-7.75,0.135561
Allday,-7.85,0.136998
Allday,-7.95,0.135503
Allday,-8.05,0.132226
Allday,-8.15,0.130383
Allday,-8.25,0.1246
Allday,-8.35,0.123369
Allday,-8.45,0.12857
Allday,-8.55,0.134775
Allday,-8.65,0.143186
Allday,-8.75,0.135746
Allday,-8.85,0.133586
Allday,-8.95,0.12973
Allday,-9.05,0.133109
Allday,-9.15,0.137476
Allday,-9.25,0.138712
Allday,-9.35,0.134658
Allday,-9.45,0.136955
Allday,-9.55,0.14177
Allday,-9.65,0.141337
Allday,-9.75,0.144764
Allday,-9.85,0.149689
Allday,-9.95,0.149116
Allday,-10.05,0.145176
Allday,-10.15,0.142956
Allday,-10.25,0.147606
Allday,-10.35,0.149852
Allday,-10.45,0.14821
Allday,-10.55,0.141688
Allday,-10.65,0.139157
Allday,-10.75,0.143012
Allday,-10.85,0.144573
Allday,-10.95,0.147
Allday,-11.05,0.148096
Allday,-11.15,0.142792
Allday,-11.25,0.148516
Allday,-11.35,0.14709
Allday,-11.45,0.145797
Allday,-11.55,0.147837
Allday,-11.65,0.148683
Allday,-11.75,0.151274
Allday,-11.85,0.142708
Allday,-11.95,0.144374
Allday,-12.05,0.144204
Allday,-12.15,0.146411
Allday,-12.25,0.147719
Allday,-12.35,0.151315
Allday,-12.45,0.1503
Allday,-12.55,0.152583
Allday,-12.65,0.151622
Allday,-12.75,0.154043
Allday,-12.85,0.154903
Allday,-12.95,0.160651
Allday,-13.05,0.160463
Allday,-13.15,0.160326
Allday,-13.25,0.160977
Allday,-13.35,0.167416
Allday,-13.45,0.166271
Allday,-13.55,0.167146
Allday,-13.65,0.17064
Allday,-13.75,0.175532
Allday,-13.85,0.178677
Allday,-13.95,0.176582
Allday,-14.05,0.182005
Allday,-14.15,0.186231
Allday,-14.25,0.187029
Allday,-14.35,0.182876
Allday,-14.45,0.188146
Allday,-14.55,0.190204
Allday,-14.65,0.190488
Allday,-14.75,0.189502
Allday,-14.85,0.187983
Allday,-14.95,0.190556
Allday,-15.05,0.196044
Allday,-15.15,0.203222
Allday,-15.25,0.206204
Allday,-15.35,0.212188
Allday,-15.45,0.213543
Allday,-15.55,0.205909
Allday,-15.65,0.21078
Allday,-15.75,0.217814
Allday,-15.85,0.227312
Allday,-15.95,0.237654
Allday,-16.05,0.238987
Allday,-16.15,0.244146
Allday,-16.25,0.242086
Allday,-16.35,0.239089
Allday,-16.45,0.240004
Allday,-16.55,0.241914
Allday,-16.65,0.242674
Allday,-16.75,0.240304
Allday,-16.85,0.245371
Allday,-16.95,0.246024
Allday,-17.05,0.246894
Allday,-17.15,0.246163
Allday,-17.25,0.246768
Allday,-17.35,0.251152
Allday,-17.45,0.247306
Allday,-17.55,0.247427
Allday,-17.65,0.24873
Allday,-17.75,0.245884
Allday,-17.85,0.245652
Allday,-17.95,0.246311
Allday,-18.05,0.246606
Allday,-18.15,0.244436
Allday,-18.25,0.246128
Allday,-18.35,0.248372
Allday,-18.45,0.247931
Allday,-18.55,0.248016
Allday,-18.65,0.252261
Allday,-18.75,0.25637
Allday,-18.85,0.257541
Allday,-18.95,0.261667
Allday,-19.05,0.260138
Allday,-19.15,0.260548
Allday,-19.25,0.257117
Allday,-19.35,0.252183
Allday,-19.45,0.257577
Allday,-19.55,0.260997
Allday,-19.65,0.26671
Allday,-19.75,0.276908
Allday,-19.85,0.283733
Allday,-19.95,0.282458
Allday,-20.05,0.282761
Allday,-20.15,0.286511
Allday,-20.25,0.288266
Allday,-20.35,0.289459
Allday,-20.45,0.287953
Allday,-20.55,0.285378
Allday,-20.65,0.286433
Allday,-20.75,0.29314
Allday,-20.85,0.295734
Allday,-20.95,0.293915
Allday,-21.05,0.291327
Allday,-21.15,0.296706
Allday,-21.25,0.307511
Allday,-21.35,0.304163
Allday,-21.45,0.30861
Allday,-21.55,0.313313
Allday,-21.65,0.311464
Allday,-21.75,0.312693
Allday,-21.85,0.315082
Allday,-21.95,0.31353
Allday,-22.05,0.314148
Allday,-22.15,0.31665
Allday,-22.25,0.316652
Allday,-22.35,0.320093
Allday,-22.45,0.320709
Allday,-22.55,0.321735
Allday,-22.65,0.319623
Allday,-22.75,0.318613
Allday,-22.85,0.323385
Allday,-22.95,0.327366
Allday,-23.05,0.326568
Allday,-23.15,0.329915
Allday,-23.25,0.332876
Allday,-23.35,0.337348
Allday,-23.45,0.332955
Allday,-23.55,0.331984
Allday,-23.65,0.329045
Allday,-23.75,0.325412
Allday,-23.85,0.323175
Allday,-23.95,0.327045
Allday,-24.05,0.331701
Allday,-24.15,0.332067
Allday,-24.25,0.32521
Allday,-24.35,0.32448
Allday,-24.45,0.328092
Allday,-24.55,0.325653
Allday,-24.65,0.322325
Allday,-24.75,0.323042
Allday,-24.85,0.319493
Allday,-24.95,0.321696
Allday,-25.05,0.32367
Allday,-25.15,0.32547
Allday,-25.25,0.323856
Allday,-25.35,0.324894
Allday,-25.45,0.328923
Allday,-25.55,0.329218
Allday,-25.65,0.331464
Allday,-25.75,0.334553
Allday,-25.85,0.338572
Allday,-25.95,0.341692
Allday,-26.05,0.342347
Allday,-26.15,0.336542
Allday,-26.25,0.326215
Allday,-26.35,0.327383
Allday,-26.45,0.329353
Allday,-26.55,0.337979
Allday,-26.65,0.339924
Allday,-26.75,0.337701
Allday,-26.85,0.337902
Allday,-26.95,0.342819
Allday,-27.05,0.340302
Allday,-27.15,0.341453
Allday,-27.25,0.345059
Allday,-27.35,0.35139
Allday,-27.45,0.356612
Allday,-27.55,0.354424
Allday,-27.65,0.352708
Allday,-27.75,0.348289
Allday,-27.85,0.344547
Allday,-27.95,0.352773
Allday,-28.05,0.35457
Allday,-28.15,0.355112
Allday,-28.25,0.352295
Allday,-28.35,0.351474
Allday,-28.45,0.356642
Allday,-28.55,0.349416
Allday,-28.65,0.341519
Allday,-28.75,0.338306
Allday,-28.85,0.338117
Allday,-28.95,0.338707
Allday,-29.05,0.336649
Allday,-29.15,0.329561
Allday,-29.25,0.322892
Allday,-29.35,0.325568
Allday,-29.45,0.323546
Allday,-29.55,0.32868
Allday,-29.65,0.330168
Allday,-29.75,0.328831
Allday,-29.85,0.3336
Allday,-29.95,0.323187
Allday,-30.05,0.326078
Allday,-30.15,0.328267
Allday,-30.25,0.325661
Allday,-30.35,0.330489
Allday,-30.45,0.335924
Allday,-30.55,0.329253
Allday,-30.65,0.321666
Allday,-30.75,0.31972
Allday,-30.85,0.320841
Allday,-30.95,0.319646
Allday,-31.05,0.320538
Allday,-31.15,0.31185
Allday,-31.25,0.30544
Allday,-31.35,0.301849
Allday,-31.45,0.297854
Allday,-31.55,0.297797
Allday,-31.65,0.295633
Allday,-31.75,0.301081
Allday,-31.85,0.305215
Allday,-31.95,0.300963
Allday,-32.05,0.301563
Allday,-32.15,0.298744
Allday,-32.25,0.299713
Allday,-32.35,0.302143
Allday,-32.45,0.304847
Allday,-32.55,0.302733
Allday,-32.65,0.297214
Allday,-32.75,0.28792
Allday,-32.85,0.292349
Allday,-32.95,0.28999
Allday,-33.05,0.28217
Allday,-33.15,0.278475
Allday,-33.25,0.278465
Allday,-33.35,0.277564
Allday,-33.45,0.285432
Allday,-33.55,0.290512
Allday,-33.65,0.288247
Allday,-33.75,0.28202
Allday,-33.85,0.278443
Allday,-33.95,0.274729
Allday,-34.05,0.283935
Allday,-34.15,0.289348
Allday,-34.25,0.283529
Allday,-34.35,0.286306
Allday,-34.45,0.291647
Allday,-34.55,0.2995
Allday,-34.65,0.296828
Allday,-34.75,0.289604
Allday,-34.85,0.2939
Allday,-34.95,0.305326
Allday,-35.05,0.316605
Allday,-35.15,0.305034
Allday,-35.25,0.291955
Allday,-35.35,0.288943
Allday,-35.45,0.28025
Allday,-35.55,0.269608
Allday,-35.65,0.258642
Allday,-35.75,0.254335
Allday,-35.85,0.25662
Allday,-35.95,0.263224
Allday,-36.05,0.273242
Allday,-36.15,0.272598
Allday,-36.25,0.275754
Allday,-36.35,0.279673
Allday,-36.45,0.277345
Allday,-36.55,0.271728
Allday,-36.65,0.263558
Allday,-36.75,0.259964
Allday,-36.85,0.255067
Allday,-36.95,0.248972
Allday,-37.05,0.25695
Allday,-37.15,0.244116
Allday,-37.25,0.235838
Allday,-37.35,0.223121
Allday,-37.45,0.218743
Allday,-37.55,0.214747
Allday,-37.65,0.216654
Allday,-37.75,0.230811
Allday,-37.85,0.229041
Allday,-37.95,0.235525
Allday,-38.05,0.241744
Allday,-38.15,0.225661
Allday,-38.25,0.21889
Allday,-38.35,0.217569
Allday,-38.45,0.217059
Allday,-38.55,0.215676
Allday,-38.65,0.220171
Allday,-38.75,0.236888
Allday,-38.85,0.248637
Allday,-38.95,0.25044
Allday,-39.05,0.243611
Allday,-39.15,0.25746
Allday,-39.25,0.280058
Allday,-39.35,0.289096
Allday,-39.45,0.271822
Allday,-39.55,0.279147
Allday,-39.65,0.270527
Allday,-39.75,0.287319
Allday,-39.85,0.304489
Allday,-39.95,0.296165
Allday,-40.05,0.292008
Allday,-40.15,0.276631
Allday,-40.25,0.259357
Allday,-40.35,0.246185
Allday,-40.45,0.234141
Allday,-40.55,0.237063
Allday,-40.65,0.234574
Allday,-40.75,0.231759
Allday,-40.85,0.230572
Allday,-40.95,0.22107
Allday,-41.05,0.212355
Allday,-41.15,0.204157
Allday,-41.25,0.217181
Allday,-41.35,0.206142
Allday,-41.45,0.196215
Allday,-41.55,0.197082
Allday,-41.65,0.185783
Allday,-41.75,0.174756
Allday,-41.85,0.177253
Allday,-41.95,0.176916
Allday,-42.05,0.168744
Allday,-42.15,0.170637
Allday,-42.25,0.189258
Allday,-42.35,0.189665
Allday,-42.45,0.193508
Allday,-42.55,0.199693
Allday,-42.65,0.192032
Allday,-42.75,0.199081
Allday,-42.85,0.194789
Allday,-42.95,0.192627
Allday,-43.05,0.203128
Allday,-43.15,0.202688
Allday,-43.25,0.214789
Allday,-43.35,0.19912
Allday,-43.45,0.2079
Allday,-43.55,0.221194
Allday,-43.65,0.213857
Allday,-43.75,0.205217
Allday,-43.85,0.207513
Allday,-43.95,0.213811
Allday,-44.05,0.198229
Allday,-44.15,0.21145
Allday,-44.25,0.207609
Allday,-44.35,0.205796
Allday,-44.45,0.176123
Allday,-44.55,0.179317
Allday,-44.65,0.191628
Allday,-44.75,0.188156
Allday,-44.85,0.19572
Allday,-44.95,0.212305
Allday,-45.05,0.206119
Allday,-45.15,0.197566
Allday,-45.25,0.190303
Allday,-45.35,0.186984
Allday,-45.45,0.185156
Allday,-45.55,0.199393
Allday,-45.65,0.170246
Allday,-45.75,0.162548
Allday,-45.85,0.136511
Allday,-45.95,0.11484
Allday,-46.05,0.110426
Allday,-46.15,0.123051
Allday,-46.25,0.111391
Allday,-46.35,0.12966
Allday,-46.45,0.140544
Allday,-46.55,0.145449
Allday,-46.65,0.138612
Allday,-46.75,0.141642
Allday,-46.85,0.109424
Allday,-46.95,0.11361
Allday,-47.05,0.111193
Allday,-47.15,0.109279
Allday,-47.25,0.112441
Allday,-47.35,0.11897
Allday,-47.45,0.110493
Allday,-47.55,0.108819
Allday,-47.65,0.110451
Allday,-47.75,0.119619
Allday,-47.85,0.123495
Allday,-47.95,0.117786
Allday,-48.05,0.128531
Allday,-48.15,0.134576
Allday,-48.25,0.113474
Allday,-48.35,0.125588
Allday,-48.45,0.12482
Allday,-48.55,0.113574
Allday,-48.65,0.123941
Allday,-48.75,0.144857
Allday,-48.85,0.152681
Allday,-48.95,0.14169
Allday,-49.05,0.145319
Allday,-49.15,0.148585
Allday,-49.25,0.133059
Allday,-49.35,0.153352
Allday,-49.45,0.175985
Allday,-49.55,0.161277
Allday,-49.65,0.126962
Allday,-49.75,0.102471
Allday,-49.85,0.086478
Allday,-49.95,0.053274
Allday,-50.05,0.070458
Allday,-50.15,0.054057
Allday,-50.25,0.066458
Allday,-50.35,0.03357
Allday,-50.45,0.046937
Allday,-50.55,0.03498
Allday,-50.65,0.044683
Allday,-50.75,0.046767
Allday,-50.85,0.030406
Allday,-50.95,0.039137
Allday,-51.05,0.042477
Allday,-51.15,0.039081
Allday,-51.25,0.061971
Allday,-51.35,0.043113
Allday,-51.45,0.06357
Allday,-51.55,0.074505
Allday,-51.65,0.082256
Allday,-51.75,0.064098
Allday,-51.85,0.077588
Allday,-51.95,0.081125
Allday,-52.05,0.084431
Allday,-52.15,0.080918
Allday,-52.25,0.090191
Allday,-52.35,0.082281
Allday,-52.45,0.059435
Allday,-52.55,0.033945
Allday,-52.65,0.047514
Allday,-52.75,0.027225
Allday,-52.85,0.029375
Allday,-52.95,0.041096
Allday,-53.05,0.042791
Allday,-53.15,0.051151
Allday,-53.25,0.059587
Allday,-53.35,0.042678
Allday,-53.45,0.030567
Allday,-53.55,0.041017
Allday,-53.65,0.081484
Allday,-53.75,0.114789
Allday,-53.85,0.103008
Allday,-53.95,0.074686
Allday,-54.05,0.068734
Allday,-54.15,0.076036
Allday,-54.25,0.105727
Allday,-54.35,0.144919
Allday,-54.45,0.174533
Allday,-54.55,0.066763
Allday,-54.65,0.104384
Allday,-54.75,0.063576
Allday,-54.85,0.108765
Allday,-54.95,0.081474
Allday,-55.05,0.079987
Allday,-55.15,0.053343
